,Date,Open,High,Low,Close,Adj Close,Volume
0,2016-01-04,33.509998,34.610001,33.360001,34.610001,33.140072,6573200
1,2016-01-05,34.009998,34.220001,33.09,33.619999,32.192108,5106200
2,2016-01-06,32.779999,32.779999,31.139999,31.34,30.008947,6500200
3,2016-01-07,30.68,31.48,30.26,30.74,29.434431,7140400
4,2016-01-08,30.85,30.93,29.690001,29.940001,28.668409,8321200
5,2016-01-11,30.01,30.15,29.549999,29.950001,28.677977,7407000
6,2016-01-12,30.389999,30.610001,29.75,30.43,29.137596,7235100
7,2016-01-13,30.82,31.01,29.01,29.08,27.844933,8858400
8,2016-01-14,29.35,30.67,28.51,30.51,29.214197,8102200
9,2016-01-15,29.129999,29.98,29.040001,29.950001,28.677977,8370100
10,2016-01-19,30.18,30.23,28.91,29.530001,28.27582,5937800
11,2016-01-20,28.799999,30.23,28.540001,29.719999,28.45775,8220300
12,2016-01-21,29.540001,31.209999,29.360001,30.67,29.367399,5519400
13,2016-01-22,31.58,31.959999,30.440001,31.23,29.903618,6998100
14,2016-01-25,30.620001,30.91,29.66,29.690001,28.429028,5903800
15,2016-01-26,30.120001,30.860001,29.879999,30.43,29.137596,5597600
16,2016-01-27,30.360001,31.969999,29.959999,31.1,29.779142,8121700
17,2016-01-28,32.040001,32.630001,30.85,31.059999,29.740839,8690800
18,2016-01-29,31.26,32.650002,31.139999,32.540001,31.157984,6403000
19,2016-02-01,31.93,32.349998,31.07,31.99,30.631342,5569300
20,2016-02-02,31.209999,31.299999,30.4,30.67,29.367399,6726200
21,2016-02-03,28.09,28.190001,26.1,28.0,26.810802,29173000
22,2016-02-04,28.040001,28.84,27.75,28.58,27.366169,13847800
23,2016-02-05,28.27,28.92,27.959999,28.469999,27.260839,10274500
24,2016-02-08,27.83,28.52,27.219999,28.4,27.193813,6807200
25,2016-02-09,28.24,28.25,27.02,27.559999,26.38949,8103200
26,2016-02-10,27.41,28.16,26.65,26.690001,25.556437,6177200
27,2016-02-11,26.17,26.700001,25.74,26.34,25.221304,8504400
28,2016-02-12,26.690001,27.74,26.559999,27.549999,26.379913,5811200
29,2016-02-16,28.049999,28.200001,27.34,28.059999,26.86825,5138400
30,2016-02-17,28.41,29.16,28.34,29.110001,27.873663,7315200
31,2016-02-18,29.42,29.49,28.67,29.35,28.103464,5677100
32,2016-02-19,28.959999,29.299999,28.709999,29.299999,28.055588,3857700
33,2016-02-22,30.02,30.129999,29.370001,29.4,28.151342,5882600
34,2016-02-23,29.35,29.799999,28.620001,28.65,27.433195,4649300
35,2016-02-24,27.940001,28.299999,27.27,28.24,27.040609,5835800
36,2016-02-25,28.35,28.42,27.059999,27.66,26.485243,5656700
37,2016-02-26,28.370001,29.309999,28.290001,28.809999,27.586397,5673100
38,2016-02-29,29.1,29.6,28.870001,29.27,28.026861,5920300
39,2016-03-01,29.639999,30.0,29.139999,29.51,28.25667,7819600
40,2016-03-02,29.370001,30.6,28.870001,30.5,29.204624,7331600
41,2016-03-03,30.620001,31.99,30.469999,31.76,30.411112,10116200
42,2016-03-04,31.98,32.68,31.66,32.5,31.119682,11051000
43,2016-03-07,32.279999,35.200001,32.209999,34.93,33.446472,17153500
44,2016-03-08,34.610001,34.759998,31.48,31.5,30.162155,8552300
45,2016-03-09,31.370001,32.150002,30.6,31.379999,30.492533,6569900
46,2016-03-10,31.200001,31.58,30.66,31.5,30.60914,4548800
47,2016-03-11,32.169998,33.540001,32.040001,33.389999,32.445694,5769900
48,2016-03-14,32.880001,33.84,32.700001,33.439999,32.494274,6166300
49,2016-03-15,32.950001,33.169998,32.049999,33.110001,32.173611,4020300
50,2016-03-16,33.330002,33.599998,32.830002,33.060001,32.125023,6420400
51,2016-03-17,33.419998,34.529999,33.080002,33.990002,33.028725,7256600
52,2016-03-18,34.32,34.34,32.209999,32.580002,31.658602,16760800
53,2016-03-21,32.220001,32.610001,31.66,32.57,31.648886,5084300
54,2016-03-22,32.380001,32.77,31.870001,32.02,31.114441,5457600
55,2016-03-23,31.889999,32.32,31.219999,31.379999,30.492533,5343000
56,2016-03-24,30.620001,31.15,30.01,31.15,30.269041,4877800
57,2016-03-28,31.34,31.639999,30.92,31.49,30.59943,4153400
58,2016-03-29,31.07,31.379999,30.030001,31.32,30.434235,5294100
59,2016-03-30,31.690001,31.889999,30.809999,31.1,30.220459,3927100
60,2016-03-31,31.07,31.549999,30.99,31.1,30.220459,5425000
61,2016-04-01,30.360001,30.51,29.129999,29.530001,28.694859,6498300
62,2016-04-04,29.59,29.950001,29.18,29.59,28.753164,3949900
63,2016-04-05,29.42,29.58,28.700001,29.030001,28.209,4772000
64,2016-04-06,29.370001,29.889999,28.690001,29.219999,28.393625,3892900
65,2016-04-07,29.110001,29.34,28.219999,28.57,27.762011,5080200
66,2016-04-08,29.18,29.5,28.879999,29.110001,28.286737,3441900
67,2016-04-11,28.25,28.4,27.08,27.32,26.547354,12124500
68,2016-04-12,27.48,28.059999,26.92,27.83,27.042936,11282600
69,2016-04-13,27.99,29.27,27.77,29.209999,28.383905,9897300
70,2016-04-14,29.41,29.41,28.370001,28.809999,27.99522,6854200
71,2016-04-15,28.42,28.450001,27.5,27.68,26.897177,8103200
72,2016-04-18,27.059999,28.690001,26.860001,28.26,27.460773,7283300
73,2016-04-19,28.530001,29.48,28.309999,29.219999,28.393625,7628000
74,2016-04-20,28.82,28.93,28.16,28.700001,27.888332,6835300
75,2016-04-21,28.85,29.040001,28.530001,28.549999,27.742573,4536100
76,2016-04-22,28.540001,29.790001,28.540001,29.27,28.442209,5064500
77,2016-04-25,29.059999,29.780001,28.959999,29.32,28.490795,6268500
78,2016-04-26,29.5,29.690001,29.209999,29.370001,28.539383,7176700
79,2016-04-27,30.469999,32.23,30.459999,31.700001,30.803488,10264700
80,2016-04-28,31.120001,33.919998,29.77,33.099998,32.163891,16748200
81,2016-04-29,33.330002,36.490002,33.279999,36.040001,35.020752,13924000
82,2016-05-02,35.950001,36.279999,34.560001,34.77,33.786663,13885600
83,2016-05-03,34.189999,34.900002,33.290001,34.82,33.835247,7803500
84,2016-05-04,34.57,35.299999,33.310001,33.470001,32.52343,7110000
85,2016-05-05,34.099998,34.25,32.790001,33.290001,32.348522,5025000
86,2016-05-06,33.040001,34.34,32.919998,33.459999,32.513714,4018100
87,2016-05-09,33.099998,33.27,31.389999,31.42,30.531406,7545300
88,2016-05-10,31.59,32.02,31.15,31.76,30.86179,5026700
89,2016-05-11,31.65,32.689999,31.200001,32.360001,31.444817,5591400
90,2016-05-12,32.860001,33.189999,31.559999,31.950001,31.046419,4443900
91,2016-05-13,31.629999,32.080002,31.110001,31.16,30.278759,3519200
92,2016-05-16,31.809999,32.57,31.620001,32.240002,31.328217,4157000
93,2016-05-17,32.240002,33.150002,32.07,32.82,31.891808,6574000
94,2016-05-18,32.450001,32.950001,31.25,31.450001,30.560558,5284200
95,2016-05-19,31.059999,31.65,30.91,31.09,30.210741,6966300
96,2016-05-20,31.120001,31.99,31.120001,31.83,30.92981,4107000
97,2016-05-23,31.530001,31.84,31.34,31.559999,30.66745,3480700
98,2016-05-24,31.889999,31.93,31.200001,31.49,30.59943,2936500
99,2016-05-25,31.82,32.779999,31.73,32.669998,31.746056,3970300
100,2016-05-26,33.0,33.360001,32.549999,32.580002,31.658602,3729900
101,2016-05-27,32.580002,32.689999,32.18,32.619999,31.697466,2942000
102,2016-05-31,32.580002,33.290001,32.509998,32.950001,32.018139,4846800
103,2016-06-01,32.330002,32.580002,31.52,32.099998,31.192177,4056400
104,2016-06-02,31.77,32.080002,31.25,32.0,31.095003,3010600
105,2016-06-03,32.110001,32.549999,31.75,32.09,31.182457,2698400
106,2016-06-06,32.490002,35.130001,32.490002,34.869999,33.883831,6680600
107,2016-06-07,35.209999,36.529999,35.169998,36.25,35.224804,5680100
108,2016-06-08,36.57,37.490002,36.57,36.98,35.983799,4682200
109,2016-06-09,36.139999,36.599998,35.849998,36.34,35.361034,4217400
110,2016-06-10,35.75,36.040001,34.98,35.029999,34.08633,3953000
111,2016-06-13,34.32,35.18,34.240002,34.59,33.658173,3378300
112,2016-06-14,34.349998,34.990002,33.610001,34.139999,33.220299,3753600
113,2016-06-15,34.080002,34.93,33.779999,33.869999,32.957577,3387900
114,2016-06-16,33.43,33.950001,32.82,33.849998,32.938118,4246200
115,2016-06-17,34.209999,35.34,34.209999,35.18,34.232285,10876700
116,2016-06-20,35.669998,35.950001,35.110001,35.16,34.212818,3685600
117,2016-06-21,34.950001,35.650002,34.580002,35.650002,34.689625,4050000
118,2016-06-22,35.959999,36.16,35.52,35.540001,34.582596,4100300
119,2016-06-23,36.130001,36.66,35.880001,36.5,35.516727,3770700
120,2016-06-24,34.790001,35.41,34.040001,34.060001,33.14246,5586000
121,2016-06-27,33.700001,33.720001,31.469999,31.610001,30.758459,6232300
122,2016-06-28,32.400002,32.599998,31.77,31.99,31.128223,4251700
123,2016-06-29,32.57,33.259998,32.029999,32.93,32.042896,5536900
124,2016-06-30,32.919998,33.650002,32.5,33.650002,32.7435,3752300
125,2016-07-01,33.650002,34.59,33.529999,34.439999,33.512215,3302000
126,2016-07-05,33.830002,34.060001,31.879999,32.139999,31.274181,5495700
127,2016-07-06,31.790001,31.82,30.67,31.459999,30.612497,5935900
128,2016-07-07,32.0,32.779999,31.309999,31.690001,30.836302,4519400
129,2016-07-08,32.290001,32.849998,32.119999,32.59,31.712061,3236100
130,2016-07-11,32.759998,33.330002,32.080002,32.189999,31.322832,3409700
131,2016-07-12,32.82,34.380001,32.779999,34.02,33.103535,3939500
132,2016-07-13,33.950001,34.299999,33.02,33.380001,32.480774,2595800
133,2016-07-14,33.830002,34.07,33.610001,33.740002,32.831081,2152700
134,2016-07-15,34.0,34.0,33.389999,33.740002,32.831081,2492500
135,2016-07-18,33.119999,33.330002,32.459999,33.279999,32.383465,2785600
136,2016-07-19,33.16,33.48,32.900002,33.040001,32.149933,2757200
137,2016-07-20,32.759998,33.43,32.25,32.950001,32.062363,4290600
138,2016-07-21,33.0,33.889999,32.810001,32.860001,31.974792,5038500
139,2016-07-22,32.93,33.060001,32.169998,32.25,31.381216,3315800
140,2016-07-25,32.0,32.07,31.059999,31.27,30.427618,4000600
141,2016-07-26,31.209999,31.93,31.190001,31.860001,31.001726,4286000
142,2016-07-27,31.959999,32.34,31.059999,31.27,30.427618,6088600
143,2016-07-28,31.0,33.099998,29.790001,32.040001,31.176878,7366900
144,2016-07-29,31.809999,32.43,31.59,32.349998,31.478523,5235400
145,2016-08-01,32.0,32.099998,31.27,31.440001,30.59304,5951800
146,2016-08-02,32.009998,32.43,31.0,31.91,31.050379,5119000
147,2016-08-03,31.93,32.869999,31.82,32.66,31.780172,3979100
148,2016-08-04,32.509998,32.919998,32.34,32.560001,31.682871,2122400
149,2016-08-05,32.619999,33.509998,32.459999,33.349998,32.45158,4565900
150,2016-08-08,33.689999,34.560001,33.619999,34.400002,33.473297,4061000
151,2016-08-09,34.470001,34.759998,33.75,34.18,33.25922,3753400
152,2016-08-10,34.32,34.599998,33.290001,33.32,32.42239,4329300
153,2016-08-11,33.41,33.990002,33.099998,33.669998,32.762974,4010500
154,2016-08-12,33.84,34.189999,33.689999,33.810001,32.899197,3826500
155,2016-08-15,33.91,35.259998,33.91,34.849998,33.911171,3531000
156,2016-08-16,35.009998,35.439999,34.790001,34.970001,34.027946,4158400
157,2016-08-17,35.220001,35.490002,34.950001,35.09,34.144707,3337800
158,2016-08-18,35.310001,36.209999,35.279999,36.09,35.117775,4004100
159,2016-08-19,35.59,35.880001,35.419998,35.740002,34.777199,2817700
160,2016-08-22,35.27,35.41,34.75,35.18,34.232285,2894600
161,2016-08-23,35.299999,35.73,35.18,35.389999,34.436626,2028800
162,2016-08-24,35.150002,35.619999,34.84,35.049999,34.105782,3084000
163,2016-08-25,35.07,35.330002,34.82,35.200001,34.251743,2553400
164,2016-08-26,35.310001,35.689999,34.240002,34.540001,33.609524,2924900
165,2016-08-29,34.439999,34.68,34.369999,34.450001,33.521946,1795500
166,2016-08-30,34.450001,34.669998,33.77,33.860001,32.947849,2818400
167,2016-08-31,33.650002,33.990002,33.330002,33.540001,32.636467,2765300
168,2016-09-01,33.400002,33.490002,32.700001,33.040001,32.149933,2928100
169,2016-09-02,33.41,33.849998,33.299999,33.490002,32.587818,2409300
170,2016-09-06,33.580002,34.419998,33.580002,34.279999,33.356529,3074400
171,2016-09-07,34.310001,34.73,33.900002,34.029999,33.113262,3868000
172,2016-09-08,34.279999,35.490002,34.040001,35.139999,34.193367,4064800
173,2016-09-09,34.709999,34.98,33.150002,33.150002,32.256969,4633300
174,2016-09-12,32.66,34.23,32.5,34.07,33.152191,3721000
175,2016-09-13,33.389999,33.66,32.779999,33.09,32.198593,4077300
176,2016-09-14,32.950001,33.310001,32.080002,32.310001,31.487177,4422500
177,2016-09-15,32.540001,33.029999,32.32,32.889999,32.052402,2306200
178,2016-09-16,32.360001,32.900002,32.130001,32.860001,32.02317,3081000
179,2016-09-19,33.200001,33.400002,32.349998,32.360001,31.535906,2071900
180,2016-09-20,32.349998,32.459999,31.889999,31.91,31.097366,3335900
181,2016-09-21,32.299999,33.700001,32.150002,33.689999,32.832035,4257300
182,2016-09-22,34.27,34.599998,34.029999,34.380001,33.504463,3373000
183,2016-09-23,34.049999,35.0,33.880001,33.889999,33.026939,5053500
184,2016-09-26,34.169998,34.310001,33.73,33.889999,33.026939,4427200
185,2016-09-27,33.439999,33.66,33.040001,33.439999,32.588394,4152000
186,2016-09-28,33.560001,36.330002,33.450001,36.27,35.346329,7441100
187,2016-09-29,36.240002,38.549999,36.240002,36.860001,35.92131,10862300
188,2016-09-30,37.220001,37.369999,36.700001,36.740002,35.804363,5321900
189,2016-10-03,36.009998,36.400002,35.759998,36.16,35.239128,5464100
190,2016-10-04,36.139999,36.490002,35.27,35.68,34.771358,4127500
191,2016-10-05,36.419998,37.360001,36.130001,36.869999,35.931049,4724200
192,2016-10-06,37.029999,37.529999,36.459999,37.009998,36.067482,4345400
193,2016-10-07,37.080002,37.34,36.470001,36.84,35.901814,3121500
194,2016-10-10,37.400002,37.799999,37.18,37.599998,36.64246,4422600
195,2016-10-11,37.400002,37.740002,36.490002,36.959999,36.018761,4468200
196,2016-10-12,36.75,36.849998,36.02,36.080002,35.161167,3405600
197,2016-10-13,35.740002,36.459999,35.529999,36.290001,35.365822,3201700
198,2016-10-14,36.599998,36.75,35.959999,36.139999,35.219643,2009600
199,2016-10-17,36.240002,36.52,35.639999,36.110001,35.190407,1980900
200,2016-10-18,36.619999,36.950001,36.259998,36.66,35.726395,2391500
201,2016-10-19,37.07,37.380001,36.66,36.98,36.038254,4557900
202,2016-10-20,36.66,37.68,36.459999,37.189999,36.242897,3285800
203,2016-10-21,36.849998,37.060001,36.5,36.970001,36.028503,2426400
204,2016-10-24,37.0,37.049999,36.279999,36.759998,35.823849,2268000
205,2016-10-25,36.66,37.259998,36.07,36.16,35.239128,3158500
206,2016-10-26,35.759998,36.709999,35.560001,36.560001,35.628952,5668800
207,2016-10-27,35.880001,36.009998,33.59,33.700001,32.841782,12731500
208,2016-10-28,33.720001,33.889999,32.57,32.93,32.091389,6655200
209,2016-10-31,32.779999,32.900002,31.959999,32.099998,31.282524,5826300
210,2016-11-01,32.43,32.529999,31.51,31.93,31.116856,4377300
211,2016-11-02,31.5,31.860001,31.030001,31.43,30.629589,5838700
212,2016-11-03,31.389999,32.549999,31.389999,32.369999,31.54565,5348500
213,2016-11-04,32.220001,32.279999,31.26,31.879999,31.068129,3144700
214,2016-11-07,32.48,32.540001,31.98,32.240002,31.418957,3001000
215,2016-11-08,32.060001,32.139999,31.41,31.91,31.097366,3774500
216,2016-11-09,31.959999,33.419998,31.870001,32.950001,32.110882,4584000
217,2016-11-10,32.959999,33.939999,32.91,33.59,32.734577,4235500
218,2016-11-11,33.290001,33.689999,32.82,33.34,32.490952,3062900
219,2016-11-14,33.23,34.98,33.119999,34.900002,34.011219,4545800
220,2016-11-15,35.150002,36.209999,35.099998,36.040001,35.122192,4115600
221,2016-11-16,35.639999,35.900002,35.040001,35.25,34.352318,2548600
222,2016-11-17,35.549999,36.189999,35.049999,35.310001,34.410782,3300000
223,2016-11-18,35.23,35.52,34.84,35.209999,34.313324,2454500
224,2016-11-21,35.939999,36.619999,35.93,36.439999,35.512009,3551500
225,2016-11-22,36.599998,36.689999,36.16,36.349998,35.42429,2697300
226,2016-11-23,36.0,36.529999,35.849998,36.349998,35.42429,1950300
227,2016-11-25,36.07,36.16,35.52,35.939999,35.024734,1356700
228,2016-11-28,36.040001,36.07,35.34,35.529999,34.625175,2583000
229,2016-11-29,34.619999,34.84,34.110001,34.599998,33.718868,3382800
230,2016-11-30,36.139999,37.91,35.849998,37.360001,36.461269,8296300
231,2016-12-01,37.98,38.919998,37.419998,37.59,36.685734,5071800
232,2016-12-02,37.490002,38.049999,37.32,37.889999,36.978504,2744600
233,2016-12-05,38.25,39.529999,38.02,38.799999,37.866623,4367900
234,2016-12-06,37.84,39.450001,37.549999,39.369999,38.422909,3745300
235,2016-12-07,39.169998,39.869999,38.900002,39.380001,38.432674,3452100
236,2016-12-08,39.509998,39.959999,39.25,39.880001,38.920643,2738200
237,2016-12-09,40.0,40.470001,39.349998,39.779999,38.823051,4135200
238,2016-12-12,41.720001,43.630001,39.700001,40.02,39.057274,7674800
239,2016-12-13,40.529999,40.599998,39.900002,40.32,39.35006,3307600
240,2016-12-14,39.830002,40.610001,39.310001,39.48,38.530266,3773700
241,2016-12-15,39.029999,40.369999,38.889999,39.700001,38.74498,3398100
242,2016-12-16,39.860001,40.029999,38.0,38.720001,37.788544,9699200
243,2016-12-19,38.790001,39.040001,38.279999,38.490002,37.564079,2762000
244,2016-12-20,38.82,39.150002,38.700001,38.799999,37.866623,2180500
245,2016-12-21,39.02,39.32,38.619999,38.849998,37.915421,2185000
246,2016-12-22,38.799999,39.389999,38.540001,38.900002,37.964214,2993500
247,2016-12-23,38.869999,39.209999,38.080002,38.380001,37.45673,1773800
248,2016-12-27,38.57,39.119999,38.400002,38.919998,37.983734,1576400
249,2016-12-28,38.59,38.93,37.93,37.959999,37.046822,2218300
250,2016-12-29,37.919998,38.169998,37.560001,37.830002,36.919964,1710100
251,2016-12-30,37.919998,38.330002,37.32,37.439999,36.53933,2550900
252,2017-01-03,38.119999,38.73,37.189999,37.810001,36.900436,4086300
253,2017-01-04,37.77,38.799999,37.68,38.529999,37.603115,3242000
254,2017-01-05,38.66,38.98,38.32,38.669998,37.739742,2946100
255,2017-01-06,38.669998,39.200001,38.119999,38.990002,38.052055,2916200
256,2017-01-09,38.57,39.139999,37.950001,38.07,37.154186,3266900
257,2017-01-10,38.150002,38.169998,37.630001,37.759998,36.851643,2112600
258,2017-01-11,37.84,38.91,37.810001,38.529999,37.603115,2484300
259,2017-01-12,38.669998,38.720001,37.639999,38.16,37.24202,3266400
260,2017-01-13,37.73,38.240002,37.360001,37.400002,36.500301,2444600
261,2017-01-17,37.66,37.82,37.310001,37.669998,36.763798,2917700
262,2017-01-18,37.290001,37.509998,36.82,37.419998,36.519817,3467000
263,2017-01-19,37.75,38.389999,37.709999,37.900002,36.988277,3708400
264,2017-01-20,38.330002,39.25,38.290001,39.080002,38.139893,3677900
265,2017-01-23,38.650002,38.73,37.869999,38.43,37.505527,4367500
266,2017-01-24,38.740002,39.25,38.349998,39.040001,38.100845,1944000
267,2017-01-25,39.07,39.790001,39.07,39.720001,38.764488,2418800
268,2017-01-26,39.790001,39.939999,39.169998,39.25,38.305798,2442400
269,2017-01-27,39.150002,39.529999,38.689999,38.869999,37.934933,1608400
270,2017-01-30,38.509998,38.619999,37.200001,37.549999,36.646694,3175600
271,2017-01-31,37.599998,37.889999,37.049999,37.810001,36.900436,3068700
272,2017-02-01,38.189999,39.68,37.700001,38.549999,37.622635,14113200
273,2017-02-02,38.450001,38.700001,37.540001,37.799999,36.890675,3456000
274,2017-02-03,37.830002,38.709999,37.740002,38.57,37.642155,2631700
275,2017-02-06,38.580002,38.720001,37.400002,37.459999,36.558857,4376000
276,2017-02-07,38.02,40.75,37.259998,39.290001,38.344837,12138600
277,2017-02-08,39.59,39.59,38.099998,39.209999,38.266754,5106900
278,2017-02-09,39.209999,39.84,38.939999,38.990002,38.052055,3877700
279,2017-02-10,39.490002,39.950001,39.220001,39.419998,38.47171,3120500
280,2017-02-13,39.400002,39.900002,39.32,39.599998,38.647377,1726800
281,2017-02-14,39.75,40.75,39.509998,40.66,39.681873,3057300
282,2017-02-15,40.189999,40.630001,40.009998,40.419998,39.447643,3163500
283,2017-02-16,40.560001,40.799999,40.060001,40.240002,39.271988,2651400
284,2017-02-17,40.029999,40.18,38.93,39.310001,38.364353,3115500
285,2017-02-21,39.84,40.299999,39.529999,39.560001,38.608345,2407500
286,2017-02-22,39.060001,39.41,38.77,38.860001,37.925182,3023900
287,2017-02-23,40.389999,40.599998,39.380001,39.709999,38.754723,4138200
288,2017-02-24,39.220001,39.959999,39.060001,39.790001,38.832809,3146600
289,2017-02-27,39.91,41.540001,39.84,41.099998,40.111294,4477500
290,2017-02-28,40.630001,41.049999,40.279999,40.419998,39.447643,3554600
291,2017-03-01,40.889999,41.880001,40.73,41.740002,40.735897,3273300
292,2017-03-02,41.299999,41.900002,40.25,40.290001,39.320782,4117300
293,2017-03-03,40.830002,41.0,40.139999,40.380001,39.408615,2689200
294,2017-03-06,40.110001,40.220001,39.5,39.869999,38.910885,2768300
295,2017-03-07,39.91,40.07,39.139999,39.299999,38.354603,3104600
296,2017-03-08,39.200001,39.630001,37.759998,37.939999,37.027317,7104700
297,2017-03-09,37.540001,38.18,36.810001,37.689999,36.783325,6055000
298,2017-03-10,37.830002,38.009998,37.32,37.84,36.929714,2275000
299,2017-03-13,37.919998,38.119999,37.630001,38.099998,37.183464,3037300
300,2017-03-14,37.389999,37.939999,36.439999,37.759998,36.851643,5228000
301,2017-03-15,38.200001,39.23,37.73,39.130001,38.239326,4157500
302,2017-03-16,39.290001,39.759998,38.630001,39.150002,38.258869,3059200
303,2017-03-17,39.259998,40.290001,39.23,39.310001,38.415222,5460400
304,2017-03-20,38.91,39.349998,38.400002,39.209999,38.317493,2009000
305,2017-03-21,39.299999,39.560001,38.32,38.919998,38.0341,3338700
306,2017-03-22,38.720001,39.130001,38.439999,38.709999,37.828876,3335700
307,2017-03-23,38.48,38.84,38.259998,38.41,37.535706,2544500
308,2017-03-24,38.540001,38.880001,38.290001,38.459999,37.584568,2057400
309,2017-03-27,37.84,38.549999,37.630001,38.419998,37.545471,2854800
310,2017-03-28,38.619999,39.48,38.139999,39.299999,38.405457,2577700
311,2017-03-29,39.200001,40.369999,38.959999,40.34,39.42178,2693100
312,2017-03-30,40.529999,40.900002,40.029999,40.07,39.157921,4451200
313,2017-03-31,40.0,40.490002,39.830002,40.09,39.177475,3201900
314,2017-04-03,40.18,40.330002,39.529999,39.68,38.776802,3095800
315,2017-04-04,39.650002,39.650002,39.0,39.509998,38.610668,4135800
316,2017-04-05,39.889999,40.25,38.959999,39.07,38.180687,3250400
317,2017-04-06,39.43,39.57,39.09,39.400002,38.503178,2174400
318,2017-04-07,39.400002,39.439999,38.869999,38.889999,38.004784,1924800
319,2017-04-10,39.169998,39.360001,38.970001,39.16,38.268646,2317000
320,2017-04-11,39.09,39.169998,38.349998,38.73,37.848419,3796200
321,2017-04-12,38.84,38.970001,37.630001,37.779999,36.920048,6093300
322,2017-04-13,37.66,37.900002,37.459999,37.709999,36.851643,4767900
323,2017-04-17,37.709999,37.790001,37.279999,37.560001,36.705059,2193800
324,2017-04-18,37.220001,37.560001,36.790001,36.900002,36.060081,3092000
325,2017-04-19,37.080002,37.16,35.740002,35.830002,35.014439,4500400
326,2017-04-20,36.060001,36.18,35.540001,35.630001,34.818989,3208000
327,2017-04-21,35.130001,35.240002,34.509998,34.650002,33.861298,6336700
328,2017-04-24,35.049999,35.599998,34.93,35.43,34.623535,3948200
329,2017-04-25,35.57,35.919998,35.299999,35.82,35.004662,4044900
330,2017-04-26,35.57,36.580002,35.57,36.150002,35.32716,3963800
331,2017-04-27,35.5,35.759998,34.130001,34.98,34.183784,5851200
332,2017-04-28,35.25,35.25,34.700001,34.970001,34.174015,2803600
333,2017-05-01,34.869999,35.009998,34.259998,34.259998,33.480164,3356700
334,2017-05-02,34.259998,34.369999,33.48,33.689999,32.923145,4289700
335,2017-05-03,33.549999,33.990002,33.450001,33.860001,33.089275,2872500
336,2017-05-04,33.529999,33.740002,32.82,33.25,32.493156,3156200
337,2017-05-05,33.299999,34.389999,33.23,34.349998,33.568115,3756900
338,2017-05-08,34.25,34.34,33.630001,34.040001,33.265175,2495000
339,2017-05-09,33.970001,33.990002,33.57,33.759998,32.99155,2098400
340,2017-05-10,34.080002,34.450001,33.860001,34.080002,33.304264,3831300
341,2017-05-11,34.34,34.360001,33.73,33.799999,33.030643,2373300
342,2017-05-12,33.810001,33.98,33.5,33.790001,33.02087,2782300
343,2017-05-15,34.450001,34.57,33.650002,33.91,33.138145,3153100
344,2017-05-16,34.16,34.290001,33.740002,34.080002,33.304264,2592200
345,2017-05-17,34.080002,34.080002,33.279999,33.380001,32.620209,3495800
346,2017-05-18,33.049999,34.23,33.0,34.02,33.24564,3248400
347,2017-05-19,34.290001,35.099998,34.169998,34.810001,34.017654,3412500
348,2017-05-22,35.16,35.369999,34.82,34.950001,34.154465,2861800
349,2017-05-23,35.060001,35.27,34.68,35.0,34.203327,2193800
350,2017-05-24,34.939999,35.189999,34.34,34.459999,33.675617,2999700
351,2017-05-25,34.439999,34.77,32.57,32.599998,31.857954,4547900
352,2017-05-26,32.630001,32.919998,32.490002,32.77,32.024086,2412200
353,2017-05-30,32.580002,32.950001,32.400002,32.599998,31.857954,2559000
354,2017-05-31,32.209999,33.16,32.110001,32.669998,31.926355,4452600
355,2017-06-01,32.790001,33.040001,32.509998,32.639999,31.897043,4974100
356,2017-06-02,32.380001,32.950001,31.809999,32.889999,32.141354,3141800
357,2017-06-05,32.720001,33.299999,32.68,32.93,32.180443,2279700
358,2017-06-06,32.73,33.259998,32.509998,33.110001,32.356354,1672800
359,2017-06-07,32.889999,32.990002,31.82,32.540001,31.799322,3983600
360,2017-06-08,32.540001,32.98,32.41,32.59,31.848183,3169100
361,2017-06-09,32.580002,34.57,32.560001,34.209999,33.431309,4988100
362,2017-06-12,34.580002,34.810001,33.700001,34.310001,33.52903,3716400
363,2017-06-13,34.349998,34.75,34.080002,34.509998,33.724476,2071000
364,2017-06-14,34.220001,34.220001,32.259998,32.77,32.070553,5279700
365,2017-06-15,32.290001,32.91,32.209999,32.810001,32.109703,3608500
366,2017-06-16,33.040001,33.68,32.84,33.66,32.941551,3536400
367,2017-06-19,33.68,33.82,33.110001,33.580002,32.863262,2929900
368,2017-06-20,33.240002,33.240002,32.18,33.169998,32.462006,4500500
369,2017-06-21,32.959999,32.959999,31.93,32.130001,31.444216,3753900
370,2017-06-22,32.23,32.32,31.82,31.84,31.160402,5369100
371,2017-06-23,31.92,32.080002,31.389999,31.639999,30.964672,3738200
372,2017-06-26,31.65,32.009998,31.440001,31.790001,31.111471,2848800
373,2017-06-27,31.950001,32.279999,31.67,31.700001,31.023392,2880600
374,2017-06-28,31.780001,32.299999,31.709999,31.77,31.0919,2504500
375,2017-06-29,32.0,32.689999,31.959999,32.439999,31.747595,3517500
376,2017-06-30,32.66,33.279999,32.360001,32.939999,32.236923,3507600
377,2017-07-03,33.169998,34.09,33.139999,33.900002,33.176441,1638600
378,2017-07-05,33.580002,33.720001,32.450001,32.73,32.031403,2616200
379,2017-07-06,32.970001,33.189999,32.240002,32.279999,31.591009,2494200
380,2017-07-07,32.049999,32.169998,31.610001,32.009998,31.326771,3490200
381,2017-07-10,31.82,32.889999,31.690001,32.599998,31.904182,2353600
382,2017-07-11,32.529999,33.490002,32.380001,33.189999,32.481583,2176100
383,2017-07-12,33.669998,33.689999,32.919998,33.150002,32.44244,1995200
384,2017-07-13,33.07,33.43,32.549999,33.419998,32.706676,2482700
385,2017-07-14,33.52,33.919998,33.279999,33.790001,33.068787,2373400
386,2017-07-17,33.709999,34.41,33.630001,33.98,33.254723,2904300
387,2017-07-18,34.240002,34.34,33.5,33.880001,33.15686,1689500
388,2017-07-19,33.810001,35.23,33.68,35.150002,34.399757,4611000
389,2017-07-20,35.150002,35.200001,33.950001,34.0,33.2743,2341000
390,2017-07-21,33.900002,34.169998,33.34,33.450001,32.736042,3166800
391,2017-07-24,33.650002,33.720001,33.09,33.18,32.471806,2067400
392,2017-07-25,33.549999,34.139999,33.529999,33.580002,32.863262,2946300
393,2017-07-26,33.869999,33.91,33.189999,33.34,32.628384,2208700
394,2017-07-27,33.450001,33.709999,33.09,33.709999,32.99049,3538400
395,2017-07-28,33.700001,35.34,32.84,33.110001,32.403301,4686300
396,2017-07-31,33.07,33.25,32.09,32.709999,32.011833,3137800
397,2017-08-01,32.529999,32.529999,31.52,31.879999,31.199551,3862100
398,2017-08-02,31.65,32.82,31.360001,32.610001,31.913967,3659600
399,2017-08-03,32.599998,32.990002,32.419998,32.619999,31.923748,2817600
400,2017-08-04,32.650002,33.209999,32.560001,33.18,32.471806,2567600
401,2017-08-07,32.299999,32.790001,31.77,31.790001,31.111471,3216900
402,2017-08-08,31.6,31.719999,31.190001,31.290001,30.622145,2923700
403,2017-08-09,31.370001,31.549999,30.290001,30.809999,30.152382,4427300
404,2017-08-10,30.969999,30.99,30.299999,30.35,29.702211,3661900
405,2017-08-11,30.219999,30.610001,30.139999,30.290001,29.643488,3419300
406,2017-08-14,30.379999,30.870001,30.26,30.620001,29.966446,2565800
407,2017-08-15,30.49,30.58,30.139999,30.389999,29.74135,3304300
408,2017-08-16,30.440001,30.530001,29.9,29.940001,29.300959,3272300
409,2017-08-17,29.91,30.530001,29.9,30.09,29.447754,4159700
410,2017-08-18,30.01,30.540001,29.9,30.379999,29.731567,3656700
411,2017-08-21,30.219999,30.469999,30.17,30.290001,29.643488,3961300
412,2017-08-22,30.41,30.52,30.120001,30.200001,29.555407,2455200
413,2017-08-23,30.07,30.6,30.01,30.370001,29.721779,3315400
414,2017-08-24,30.26,30.309999,30.059999,30.08,29.437969,2080400
415,2017-08-25,30.209999,30.75,30.190001,30.52,29.868576,2024200
416,2017-08-28,30.6,30.65,30.059999,30.34,29.692415,3049100
417,2017-08-29,30.139999,30.41,30.049999,30.360001,29.711992,1958200
418,2017-08-30,30.280001,30.469999,29.93,30.450001,29.800072,2067900
419,2017-08-31,30.65,30.83,30.33,30.67,30.015373,2686200
420,2017-09-01,30.700001,30.76,30.49,30.68,30.025164,1994100
421,2017-09-05,30.92,31.5,30.92,31.33,30.661289,3079900
422,2017-09-06,31.52,32.169998,31.42,31.83,31.150618,4035900
423,2017-09-07,31.879999,32.049999,31.57,31.879999,31.199551,3039800
424,2017-09-08,31.85,31.860001,31.540001,31.75,31.072321,2635300
425,2017-09-11,31.84,32.310001,31.719999,32.259998,31.571438,2429500
426,2017-09-12,32.380001,33.580002,32.130001,33.380001,32.667538,4127700
427,2017-09-13,33.439999,34.34,33.32,33.84,33.117714,4250900
428,2017-09-14,34.0,34.330002,33.689999,33.950001,33.274529,2911700
429,2017-09-15,33.720001,34.459999,33.66,34.450001,33.764576,4704600
430,2017-09-18,34.369999,35.029999,34.240002,34.77,34.078213,2575300
431,2017-09-19,34.93,35.259998,34.66,35.18,34.480061,2238300
432,2017-09-20,35.330002,35.900002,35.27,35.509998,34.803493,4436100
433,2017-09-21,35.330002,35.419998,35.049999,35.200001,34.499657,2025700
434,2017-09-22,35.0,35.599998,35.0,35.540001,34.832901,2264200
435,2017-09-25,35.830002,36.25,35.759998,35.860001,35.146534,4682000
436,2017-09-26,35.599998,36.450001,35.580002,36.299999,35.577778,2401300
437,2017-09-27,36.380001,36.459999,35.650002,36.139999,35.420959,3151100
438,2017-09-28,36.400002,36.48,35.389999,35.529999,34.823093,3096400
439,2017-09-29,35.630001,35.84,35.259998,35.73,35.019112,3008300
440,2017-10-02,35.34,35.57,35.09,35.349998,34.646679,2653400
441,2017-10-03,35.450001,35.5,34.630001,35.130001,34.431057,2780500
442,2017-10-04,35.130001,35.380001,34.970001,35.23,34.529064,3844400
443,2017-10-05,35.240002,36.220001,35.169998,36.029999,35.313152,3470500
444,2017-10-06,35.48,35.779999,34.950001,35.029999,34.333042,2937200
445,2017-10-09,35.18,35.450001,34.990002,35.240002,34.538868,1233700
446,2017-10-10,35.509998,35.689999,34.880001,34.93,34.235031,1753700
447,2017-10-11,34.849998,35.029999,34.380001,34.98,34.284042,2145600
448,2017-10-12,34.57,34.650002,34.310001,34.380001,33.695976,2404600
449,2017-10-13,34.689999,34.869999,34.599998,34.650002,33.960606,1615000
450,2017-10-16,34.900002,35.18,34.810001,34.990002,34.293846,2846500
451,2017-10-17,34.939999,34.990002,34.290001,34.919998,34.225235,3477800
452,2017-10-18,35.0,35.150002,34.509998,34.52,33.833195,2116600
453,2017-10-19,34.200001,34.57,33.950001,34.080002,33.401939,2694400
454,2017-10-20,34.119999,34.169998,33.610001,34.09,33.411743,2477200
455,2017-10-23,34.049999,34.169998,33.720001,33.799999,33.127514,2216100
456,2017-10-24,34.040001,34.209999,33.779999,33.810001,33.137318,2632300
457,2017-10-25,33.75,33.970001,33.459999,33.630001,32.960896,2875900
458,2017-10-26,33.57,34.169998,33.41,33.860001,33.186321,4463600
459,2017-10-27,32.700001,33.950001,32.009998,33.23,32.568855,7146300
460,2017-10-30,33.189999,34.380001,32.959999,34.279999,33.597965,4960900
461,2017-10-31,33.91,34.610001,33.720001,34.189999,33.509754,3756000
462,2017-11-01,34.490002,34.990002,33.860001,34.060001,33.382343,4365800
463,2017-11-02,34.139999,34.27,33.189999,33.360001,32.696266,3616700
464,2017-11-03,33.259998,33.580002,33.169998,33.419998,32.755077,2455600
465,2017-11-06,33.610001,35.529999,33.52,35.5,34.793694,4005600
466,2017-11-07,35.700001,35.830002,34.990002,35.099998,34.401653,2397800
467,2017-11-08,35.0,35.630001,34.91,35.02,34.32325,4073300
468,2017-11-09,34.93,35.07,34.509998,34.549999,33.862595,2777400
469,2017-11-10,34.560001,34.610001,33.330002,33.52,32.853088,4237500
470,2017-11-13,33.349998,33.389999,32.869999,33.060001,32.402237,3413300
471,2017-11-14,32.869999,32.98,32.209999,32.27,31.627958,2933900
472,2017-11-15,31.92,32.419998,31.57,31.940001,31.304525,2895800
473,2017-11-16,31.91,31.940001,31.469999,31.51,30.883078,3152400
474,2017-11-17,31.57,32.16,31.51,32.02,31.382931,2854200
475,2017-11-20,31.91,32.080002,31.58,31.719999,31.0889,2642400
476,2017-11-21,31.91,32.150002,31.76,31.799999,31.167307,2246500
477,2017-11-22,32.009998,32.290001,31.77,31.940001,31.304525,2080000
478,2017-11-24,32.09,32.110001,31.74,31.85,31.216312,659100
479,2017-11-27,31.66,32.040001,31.549999,31.629999,31.00069,2666100
480,2017-11-28,31.58,32.209999,31.48,32.130001,31.490744,2121500
481,2017-11-29,32.560001,32.759998,32.169998,32.610001,31.961189,2660200
482,2017-11-30,32.82,33.740002,32.759998,33.549999,32.882484,5645300
483,2017-12-01,33.799999,34.279999,33.57,34.09,33.411743,3768700
484,2017-12-04,33.830002,34.759998,33.73,33.98,33.303936,3997300
485,2017-12-05,34.0,34.040001,33.139999,33.169998,32.51004,2316300
486,2017-12-06,33.009998,33.23,32.560001,32.709999,32.0592,1894300
487,2017-12-07,32.549999,32.66,31.99,32.400002,31.803989,2722000
488,2017-12-08,32.700001,33.060001,32.439999,32.619999,32.019936,2866800
489,2017-12-11,32.669998,33.619999,32.669998,33.290001,32.677612,2081800
490,2017-12-12,33.43,33.650002,33.139999,33.139999,32.530373,1859600
491,2017-12-13,33.220001,33.41,32.380001,32.59,31.99049,4287300
492,2017-12-14,32.360001,32.68,32.209999,32.43,31.833431,3951600
493,2017-12-15,32.610001,33.119999,32.540001,33.060001,32.451839,7471100
494,2017-12-18,33.18,33.639999,33.029999,33.34,32.726692,2503600
495,2017-12-19,33.5,33.849998,33.32,33.619999,33.001549,2513000
496,2017-12-20,33.700001,34.419998,33.57,34.32,33.688663,2620400
497,2017-12-21,34.389999,35.650002,34.299999,35.549999,34.896034,2988700
498,2017-12-22,35.52,35.580002,35.240002,35.439999,34.788059,1891800
499,2017-12-26,35.549999,35.82,35.369999,35.619999,34.964752,2661400
500,2017-12-27,35.529999,35.75,35.259998,35.279999,34.631004,2633800
501,2017-12-28,35.27,35.52,35.18,35.490002,34.837147,2008300
502,2017-12-29,35.59,36.130001,35.189999,36.02,35.357399,2430900
503,2018-01-02,36.130001,36.900002,35.75,36.799999,36.123043,2482000
504,2018-01-03,36.93,37.98,36.529999,37.849998,37.153721,3400100
505,2018-01-04,37.799999,38.470001,37.650002,38.43,37.723061,2372300
506,2018-01-05,38.389999,38.389999,37.849998,38.220001,37.516926,2216100
507,2018-01-08,38.09,38.77,37.77,38.709999,37.997906,3126900
508,2018-01-09,38.82,38.869999,38.130001,38.240002,37.536556,1717600
509,2018-01-10,38.389999,38.52,37.790001,37.93,37.232258,2953300
510,2018-01-11,38.150002,39.16,37.959999,38.84,38.125515,2630600
511,2018-01-12,38.950001,39.23,38.59,39.139999,38.420002,2531100
512,2018-01-16,39.150002,39.299999,38.439999,38.470001,37.762329,3224700
513,2018-01-17,38.720001,39.220001,38.459999,38.919998,38.204041,2282100
514,2018-01-18,38.720001,38.900002,37.84,37.91,37.212624,3025100
515,2018-01-19,37.52,38.0,37.029999,37.98,37.28133,4639500
516,2018-01-22,38.0,38.860001,37.869999,38.740002,38.027359,3234300
517,2018-01-23,38.82,39.259998,38.18,38.73,38.017544,3701500
518,2018-01-24,38.689999,38.790001,37.919998,38.290001,37.585629,3156400
519,2018-01-25,38.619999,38.639999,37.580002,37.599998,36.908325,2287100
520,2018-01-26,37.799999,37.950001,37.41,37.709999,37.016308,2108900
521,2018-01-29,37.360001,37.759998,36.650002,36.73,36.054333,3142200
522,2018-01-30,36.34,36.75,35.860001,36.59,35.916904,3479800
523,2018-01-31,36.540001,36.950001,36.209999,36.68,36.005253,2895400
524,2018-02-01,36.799999,37.529999,36.630001,37.43,36.741455,2517800
525,2018-02-02,36.919998,37.060001,35.619999,35.689999,35.033466,2658700
526,2018-02-05,35.459999,36.290001,33.700001,33.849998,33.22731,5454000
527,2018-02-06,33.330002,35.799999,33.0,35.389999,34.738979,6492900
528,2018-02-07,35.23,36.099998,33.93,34.049999,33.423626,5037100
529,2018-02-08,34.099998,34.23,32.639999,32.639999,32.03957,5027500
530,2018-02-09,32.990002,33.400002,31.77,33.09,32.481293,5524100
531,2018-02-12,33.43,33.82,32.529999,33.709999,33.089886,6054000
532,2018-02-13,33.299999,33.799999,33.119999,33.66,33.04081,3272600
533,2018-02-14,33.240002,35.290001,33.060001,35.139999,34.493584,4679200
534,2018-02-15,35.310001,35.310001,34.119999,35.130001,34.483772,3535800
535,2018-02-16,34.900002,35.98,34.889999,35.610001,34.954933,3201100
536,2018-02-20,35.689999,36.029999,35.130001,35.380001,34.729164,3829600
537,2018-02-21,35.18,36.07,34.93,34.959999,34.316891,2851800
538,2018-02-22,35.439999,35.990002,34.91,35.099998,34.454311,3460900
539,2018-02-23,35.330002,36.080002,35.0,36.07,35.406471,2352800
540,2018-02-26,36.18,36.369999,35.720001,36.18,35.51445,2287800
541,2018-02-27,36.16,36.779999,35.830002,36.259998,35.592968,4719200
542,2018-02-28,36.5,36.93,35.080002,35.09,34.444504,4937600
543,2018-03-01,34.939999,35.900002,34.779999,35.41,34.758617,3145000
544,2018-03-02,35.150002,36.139999,34.84,36.080002,35.416294,2944100
545,2018-03-05,35.759998,36.77,35.59,36.369999,35.700954,3450700
546,2018-03-06,36.610001,36.970001,36.240002,36.700001,36.024883,2606200
547,2018-03-07,36.240002,36.66,35.830002,36.509998,35.838375,2354000
548,2018-03-08,36.549999,36.700001,36.009998,36.639999,35.965992,2267900
549,2018-03-09,36.98,37.970001,36.869999,37.720001,37.026119,2950100
550,2018-03-12,37.700001,37.889999,37.23,37.599998,36.908325,2538400
551,2018-03-13,37.740002,37.900002,37.07,37.310001,36.623669,2294000
552,2018-03-14,37.450001,37.669998,37.25,37.389999,36.702194,2648600
553,2018-03-15,37.459999,37.5,36.07,36.259998,35.640633,2567000
554,2018-03-16,36.349998,37.130001,36.189999,36.889999,36.259872,4404200
555,2018-03-19,36.790001,36.919998,36.040001,36.369999,35.748756,2795700
556,2018-03-20,36.630001,37.139999,36.57,36.790001,36.161579,1873400
557,2018-03-21,37.029999,38.330002,36.84,38.040001,37.390236,2561800
558,2018-03-22,37.509998,37.93,37.130001,37.18,36.544918,2522600
559,2018-03-23,37.459999,38.119999,37.150002,37.18,36.544918,2809800
560,2018-03-26,37.669998,37.959999,36.82,37.900002,37.252625,1811900
561,2018-03-27,37.919998,38.07,36.650002,36.919998,36.28936,2647700
562,2018-03-28,36.919998,37.029999,35.810001,35.93,35.316277,2440000
563,2018-03-29,36.16,37.07,36.130001,36.810001,36.18124,2826600
564,2018-04-02,36.619999,36.779999,35.110001,35.880001,35.267132,2625800
565,2018-04-03,36.110001,36.68,35.540001,36.66,36.033806,2028200
566,2018-04-04,35.919998,36.66,35.459999,36.560001,35.935516,2027400
567,2018-04-05,36.68,37.869999,36.68,37.23,36.59407,2926700
568,2018-04-06,36.869999,37.189999,36.560001,36.990002,36.358173,4675200
569,2018-04-09,37.16,37.169998,36.23,36.25,35.63081,2968200
570,2018-04-10,36.900002,38.349998,36.900002,38.080002,37.429554,5422400
571,2018-04-11,38.080002,39.560001,37.93,39.43,38.756493,3687400
572,2018-04-12,39.610001,40.919998,39.540001,40.639999,39.945812,4988800
573,2018-04-13,40.84,41.380001,40.650002,40.919998,40.221043,2803700
574,2018-04-16,38.740002,39.0,37.82,37.98,37.331257,7960400
575,2018-04-17,37.77,37.77,36.889999,37.59,36.947922,5744800
576,2018-04-18,38.080002,38.889999,38.080002,38.32,37.665451,4984700
577,2018-04-19,38.02,38.73,37.380001,38.580002,37.921017,3896300
578,2018-04-20,38.5,38.5,37.59,38.25,37.596645,3671700
579,2018-04-23,38.09,38.380001,37.740002,38.380001,37.72443,2063700
580,2018-04-24,38.540001,39.049999,37.669998,37.970001,37.32143,1995600
581,2018-04-25,37.860001,38.349998,37.5,38.279999,37.626129,2033000
582,2018-04-26,38.459999,38.970001,38.169998,38.630001,37.970161,2139700
583,2018-04-27,38.330002,39.380001,37.5,38.860001,38.196236,4523600
584,2018-04-30,38.529999,39.25,38.509998,38.669998,38.009472,2846300
585,2018-05-01,38.48,38.66,38.040001,38.509998,37.8522,2329400
586,2018-05-02,38.240002,38.900002,38.240002,38.419998,37.763741,3309700
587,2018-05-03,38.419998,38.459999,37.639999,38.380001,37.72443,1879700
588,2018-05-04,38.119999,38.73,38.029999,38.5,37.842377,1714300
589,2018-05-07,38.689999,39.669998,38.450001,38.599998,37.940666,2504900
590,2018-05-08,38.77,39.23,38.139999,39.119999,38.451786,1812300
591,2018-05-09,39.560001,40.57,39.52,40.369999,39.680431,3164600
592,2018-05-10,40.57,40.849998,40.299999,40.610001,39.916344,2885400
593,2018-05-11,40.709999,40.869999,40.389999,40.650002,39.95565,1954300
594,2018-05-14,40.799999,41.34,40.799999,41.060001,40.358646,1523700
595,2018-05-15,41.029999,41.419998,40.32,41.389999,40.68301,2111500
596,2018-05-16,41.470001,42.25,41.290001,42.169998,41.449684,2885700
597,2018-05-17,42.310001,43.290001,42.189999,42.93,42.196705,3307800
598,2018-05-18,42.889999,43.43,42.580002,43.419998,42.678333,3333500
599,2018-05-21,43.549999,44.189999,43.34,44.110001,43.356552,3085700
600,2018-05-22,44.009998,45.080002,43.509998,43.689999,42.943726,5023200
601,2018-05-23,43.07,43.610001,42.540001,42.900002,42.167217,3778200
602,2018-05-24,42.380001,42.59,42.0,42.310001,41.587299,3372700
603,2018-05-25,41.549999,41.57,40.52,41.259998,40.555225,3810700
604,2018-05-29,40.59,41.380001,40.48,41.310001,40.604378,2038300
605,2018-05-30,41.689999,42.400002,41.57,41.869999,41.154808,2237900
606,2018-05-31,41.529999,41.900002,41.060001,41.419998,40.712498,4195300
607,2018-06-01,41.720001,42.529999,41.509998,41.849998,41.135151,2364300
608,2018-06-04,41.959999,42.290001,41.580002,41.77,41.056519,3910100
609,2018-06-05,41.57,42.139999,41.400002,42.049999,41.331741,2414900
610,2018-06-06,42.240002,42.490002,41.950001,42.25,41.528316,2294500
611,2018-06-07,42.630001,43.0,42.419998,42.869999,42.13773,3124100
612,2018-06-08,42.84,42.93,42.099998,42.580002,41.852684,2481400
613,2018-06-11,42.490002,42.740002,42.150002,42.16,41.439854,2024800
614,2018-06-12,42.18,42.689999,41.939999,42.27,41.547981,1860900
615,2018-06-13,42.169998,42.560001,41.779999,42.299999,41.577469,1732600
616,2018-06-14,42.580002,42.619999,41.82,42.16,41.488907,1994000
617,2018-06-15,41.66,41.830002,41.150002,41.48,40.819721,4906000
618,2018-06-18,41.310001,42.560001,41.240002,42.220001,41.547947,2746900
619,2018-06-19,41.779999,42.27,41.349998,42.189999,41.518417,2550400
620,2018-06-20,42.470001,42.549999,42.040001,42.349998,41.675873,2406400
621,2018-06-21,42.099998,42.139999,41.549999,41.689999,41.026382,2166500
622,2018-06-22,43.130001,43.700001,42.459999,42.599998,41.921894,3904500
623,2018-06-25,42.41,42.41,41.18,41.330002,40.672112,2526600
624,2018-06-26,41.389999,42.049999,41.209999,41.919998,41.25272,2010700
625,2018-06-27,42.41,43.470001,42.369999,42.790001,42.108868,2426600
626,2018-06-28,42.900002,43.310001,42.549999,43.200001,42.512344,2433600
627,2018-06-29,42.98,43.830002,42.799999,43.400002,42.709164,2977600
628,2018-07-02,42.91,43.240002,42.009998,42.75,42.069508,2456900
629,2018-07-03,43.330002,43.880001,43.02,43.150002,42.463139,1431300
630,2018-07-05,43.48,43.740002,43.189999,43.580002,42.886299,2095100
631,2018-07-06,43.18,44.970001,43.009998,44.259998,43.555473,2083400
632,2018-07-09,44.549999,45.25,44.549999,45.0,44.283688,2104800
633,2018-07-10,45.419998,46.0,44.93,45.330002,44.60844,2207400
634,2018-07-11,44.759998,45.279999,44.41,44.490002,43.781811,3364900
635,2018-07-12,44.639999,44.689999,43.919998,44.240002,43.535793,2441100
636,2018-07-13,44.279999,44.82,44.02,44.240002,43.535793,2362800
637,2018-07-16,43.650002,44.02,43.5,43.849998,43.151997,2646400
638,2018-07-17,43.830002,43.970001,43.490002,43.700001,43.004391,3180900
639,2018-07-18,43.59,43.66,42.799999,43.25,42.561546,3026300
640,2018-07-19,42.779999,43.450001,42.689999,43.189999,42.502502,2256900
641,2018-07-20,43.220001,43.5,43.02,43.099998,42.413933,1741500
642,2018-07-23,43.099998,43.099998,42.299999,42.529999,41.853008,2454200
643,2018-07-24,42.610001,42.93,42.139999,42.299999,41.626671,2116300
644,2018-07-25,42.290001,42.529999,41.98,42.32,41.646347,2279600
645,2018-07-26,42.52,42.759998,42.169998,42.52,41.84317,3493600
646,2018-07-27,42.919998,46.939999,42.77,46.91,46.163292,8475700
647,2018-07-30,47.41,48.490002,47.34,48.099998,47.334347,9241200
648,2018-07-31,48.66,49.080002,48.25,48.619999,47.846066,6177900
649,2018-08-01,48.16,48.82,47.119999,47.419998,46.665169,5912200
650,2018-08-02,46.830002,47.669998,46.619999,47.380001,46.625809,3630500
651,2018-08-03,47.32,47.48,46.869999,47.029999,46.281372,3000800
652,2018-08-06,47.189999,47.299999,46.48,46.5,45.759819,3709600
653,2018-08-07,46.950001,47.18,46.610001,46.630001,45.887753,3393800
654,2018-08-08,46.389999,46.68,46.040001,46.41,45.671249,2271800
655,2018-08-09,46.5,46.540001,45.27,45.650002,44.923351,2640900
656,2018-08-10,45.68,46.150002,45.25,45.84,45.110317,2926700
657,2018-08-13,45.759998,45.950001,44.959999,45.0,44.283688,2334900
658,2018-08-14,45.32,45.509998,44.990002,45.200001,44.480507,2231000
659,2018-08-15,44.869999,45.02,43.360001,43.720001,43.024067,3244500
660,2018-08-16,43.98,44.139999,43.549999,43.75,43.053589,1611200
661,2018-08-17,43.84,43.959999,43.639999,43.84,43.142151,1802500
662,2018-08-20,43.900002,44.27,43.900002,44.169998,43.4669,1385800
663,2018-08-21,44.880001,45.389999,44.57,44.630001,43.919586,2847100
664,2018-08-22,45.080002,45.470001,44.669998,45.189999,44.470669,2912900
665,2018-08-23,45.009998,45.27,44.610001,44.740002,44.027836,1130200
666,2018-08-24,45.060001,45.310001,44.549999,44.779999,44.067188,1738300
667,2018-08-27,44.939999,46.099998,44.939999,45.939999,45.208729,2501600
668,2018-08-28,46.150002,46.98,46.150002,46.41,45.671249,3809900
669,2018-08-29,46.540001,47.459999,46.540001,47.16,46.409309,4303400
670,2018-08-30,47.07,47.259998,46.740002,47.18,46.428989,2361300
671,2018-08-31,47.060001,47.189999,46.669998,47.07,46.320744,2540700
672,2018-09-04,47.040001,47.119999,46.200001,46.43,45.690929,2228700
673,2018-09-05,46.009998,46.48,45.279999,46.259998,45.52364,3573200
674,2018-09-06,46.110001,46.18,44.950001,45.060001,44.342739,3305900
675,2018-09-07,44.630001,44.700001,43.889999,44.240002,43.535793,3831900
676,2018-09-10,44.380001,44.43,43.549999,43.650002,42.955185,4032700
677,2018-09-11,43.75,44.619999,43.5,44.380001,43.673561,2786400
678,2018-09-12,44.900002,45.400002,44.709999,44.75,44.037674,2184000
679,2018-09-13,44.509998,44.849998,44.150002,44.259998,43.604191,2244900
680,2018-09-14,44.09,44.459999,43.759998,44.299999,43.643593,2838600
681,2018-09-17,44.389999,44.470001,43.84,44.110001,43.456409,1670700
682,2018-09-18,44.549999,44.950001,44.389999,44.549999,43.889889,2438300
683,2018-09-19,44.470001,44.810001,44.279999,44.450001,43.791378,2797600
684,2018-09-20,44.66,44.709999,42.830002,42.900002,42.264343,3484500
685,2018-09-21,42.939999,43.57,42.709999,43.150002,42.510639,3947300
686,2018-09-24,43.470001,43.689999,43.049999,43.5,42.85545,3162200
687,2018-09-25,43.869999,44.080002,43.419998,43.439999,42.796341,2585400
688,2018-09-26,43.110001,43.5,42.970001,42.98,42.343155,2457900
689,2018-09-27,43.049999,43.450001,42.639999,43.040001,42.402271,2477000
690,2018-09-28,42.91,43.650002,42.889999,43.080002,42.441677,3141000
691,2018-10-01,43.380001,44.470001,43.209999,43.98,43.328339,4541900
692,2018-10-02,44.650002,44.650002,43.82,44.400002,43.742115,4692600
693,2018-10-03,44.41,44.759998,44.25,44.610001,43.949001,3693800
694,2018-10-04,44.59,46.639999,44.5,45.279999,44.609074,7307700
695,2018-10-05,45.07,45.73,44.099998,44.619999,43.958855,4559600
696,2018-10-08,44.209999,44.52,43.57,44.34,43.683002,2301600
697,2018-10-09,44.369999,46.169998,44.169998,45.450001,44.776558,5410300
698,2018-10-10,45.389999,45.669998,42.830002,42.869999,42.234787,3835100
699,2018-10-11,42.459999,42.830002,41.580002,41.900002,41.279163,5044000
700,2018-10-12,42.48,42.57,41.130001,41.91,41.289009,3202900
701,2018-10-15,42.049999,42.599998,41.560001,42.18,41.555008,2363400
702,2018-10-16,42.48,42.869999,42.299999,42.650002,42.018044,2182800
703,2018-10-17,42.369999,42.389999,39.849998,41.869999,41.249603,2337800
704,2018-10-18,41.330002,41.490002,40.560001,40.75,40.146194,3078900
705,2018-10-19,40.93,41.759998,40.349998,40.400002,39.801384,2427300
706,2018-10-22,40.299999,40.400002,39.389999,40.27,39.673313,2099600
707,2018-10-23,39.330002,39.380001,38.360001,38.82,38.244793,3552300
708,2018-10-24,39.029999,39.16,36.82,36.849998,36.303982,3490400
709,2018-10-25,37.459999,37.939999,36.77,37.009998,36.461617,4479200
710,2018-10-26,32.990002,36.799999,32.66,35.889999,35.358208,6581300
711,2018-10-29,36.119999,36.439999,34.73,35.110001,34.589771,3999800
712,2018-10-30,35.09,37.220001,34.529999,37.130001,36.579838,4407000
713,2018-10-31,37.580002,38.049999,36.790001,36.799999,36.254726,5605500
714,2018-11-01,37.0,37.200001,35.779999,36.509998,35.969021,4424100
715,2018-11-02,36.790001,37.130001,35.900002,36.110001,35.574955,3470200
716,2018-11-05,36.68,36.82,36.139999,36.529999,35.988728,4886900
717,2018-11-06,36.59,36.869999,35.779999,36.869999,36.323685,3603900
718,2018-11-07,37.34,37.630001,35.529999,36.209999,35.673466,4096700
719,2018-11-08,36.040001,36.200001,35.5,35.68,35.151321,3486300
720,2018-11-09,35.150002,35.619999,34.880001,35.259998,34.737545,3822700
721,2018-11-12,35.48,35.599998,34.130001,34.139999,33.634144,2850200
722,2018-11-13,34.0,34.150002,32.869999,32.91,32.422363,5055700
723,2018-11-14,33.360001,33.57,32.02,32.66,32.176067,6024100
724,2018-11-15,32.540001,33.689999,32.43,33.5,33.00362,4254700
725,2018-11-16,33.700001,33.970001,33.169998,33.650002,33.151402,2797300
726,2018-11-19,33.25,33.529999,32.380001,32.810001,32.323849,4698000
727,2018-11-20,32.169998,32.490002,31.610001,31.82,31.348515,3367300
728,2018-11-21,32.200001,32.849998,32.130001,32.549999,32.067707,2520500
729,2018-11-23,31.52,32.099998,31.299999,31.620001,31.151482,2677100
730,2018-11-26,31.99,32.630001,31.91,32.189999,31.713032,3976200
731,2018-11-27,32.130001,32.630001,31.889999,31.98,31.506145,2885400
732,2018-11-28,32.02,32.619999,31.629999,32.59,32.107109,3772900
733,2018-11-29,32.459999,33.139999,32.459999,32.73,32.245029,3083200
734,2018-11-30,32.43,32.779999,32.060001,32.110001,31.634218,3708600
735,2018-12-03,33.0,33.369999,32.419998,32.880001,32.392807,4094100
736,2018-12-04,32.779999,33.02,31.530001,31.68,31.210594,3595300
737,2018-12-06,30.59,30.75,29.73,30.27,29.868624,4745200
738,2018-12-07,31.0,31.459999,29.799999,29.809999,29.414722,4284500
739,2018-12-10,29.059999,29.59,28.549999,29.16,28.773342,4428800
740,2018-12-11,29.57,29.690001,27.99,28.07,27.697794,5212200
741,2018-12-12,28.530001,29.110001,28.360001,28.360001,27.98395,3017700
742,2018-12-13,28.219999,28.24,27.299999,27.5,27.135351,3836000
743,2018-12-14,27.209999,27.389999,26.530001,26.68,26.326227,4533300
744,2018-12-17,26.639999,27.4,26.26,26.35,26.000603,6797200
745,2018-12-18,26.440001,26.74,26.24,26.450001,26.099276,6114800
746,2018-12-19,26.51,27.15,25.879999,26.209999,25.862459,5610500
747,2018-12-20,25.73,26.299999,25.1,25.65,25.309885,7841400
748,2018-12-21,25.58,26.34,25.0,25.24,24.905319,11422800
749,2018-12-24,25.049999,25.41,24.43,24.43,24.106062,2891700
750,2018-12-26,24.5,26.040001,24.27,26.040001,25.694714,5718100
751,2018-12-27,25.59,26.09,25.0,26.09,25.744049,5787800
752,2018-12-28,26.24,26.690001,25.6,25.77,25.428293,3567700
753,2018-12-31,25.9,26.0,25.030001,25.700001,25.359222,3667700
754,2019-01-02,25.27,26.360001,25.110001,25.860001,25.517101,3692900
755,2019-01-03,26.0,26.219999,25.219999,25.700001,25.359222,3601700
756,2019-01-04,26.25,26.780001,25.9,26.73,26.375563,4021900
757,2019-01-07,26.76,27.93,26.52,27.73,27.362303,4659300
758,2019-01-08,28.190001,28.219999,27.52,27.959999,27.589251,3140600
759,2019-01-09,28.440001,28.700001,28.08,28.370001,27.993818,2806200
760,2019-01-10,28.110001,28.85,27.889999,28.76,28.378645,3389200
761,2019-01-11,28.389999,29.26,28.299999,29.110001,28.724007,4132400
762,2019-01-14,28.610001,29.700001,28.51,29.25,28.86215,5888000
763,2019-01-15,29.49,29.77,28.92,29.309999,28.921352,3659600
764,2019-01-16,29.280001,29.66,29.09,29.360001,28.97069,3520200
765,2019-01-17,29.08,29.940001,28.879999,29.790001,29.394989,2234300
766,2019-01-18,30.27,30.57,29.65,30.450001,30.046238,3995100
767,2019-01-22,30.02,30.02,29.43,29.540001,29.148304,4249800
768,2019-01-23,29.68,29.75,28.610001,28.74,28.35891,3061000
769,2019-01-24,28.67,29.77,28.67,29.379999,28.990423,3074300
770,2019-01-25,29.700001,30.469999,29.700001,30.440001,30.036369,3506600
771,2019-01-28,29.860001,30.25,29.6,29.950001,29.552866,3356600
772,2019-01-29,30.24,30.27,29.74,29.780001,29.385122,2589100
773,2019-01-30,30.0,30.030001,29.24,29.889999,29.49366,4163200
774,2019-01-31,30.08,30.08,29.18,29.48,29.0891,3482700
775,2019-02-01,29.66,30.65,29.51,29.91,29.513397,8433800
776,2019-02-04,29.75,30.290001,29.51,30.15,29.750216,2979000
777,2019-02-05,30.07,30.389999,29.91,30.200001,29.799551,2627800
778,2019-02-06,30.02,30.629999,29.9,30.58,30.174513,3255900
779,2019-02-07,32.560001,32.630001,28.370001,28.639999,28.260239,9381200
780,2019-02-08,28.4,28.5,27.74,28.35,27.974083,6342900
781,2019-02-11,28.059999,28.889999,28.030001,28.83,28.447718,2968600
782,2019-02-12,29.16,29.540001,28.790001,28.809999,28.427982,3062900
783,2019-02-13,28.9,30.09,28.84,29.51,29.118702,4732700
784,2019-02-14,29.26,29.43,29.030001,29.030001,28.645065,3088500
785,2019-02-15,29.469999,29.91,29.299999,29.809999,29.414722,3358400
786,2019-02-19,29.559999,29.639999,29.09,29.23,28.842415,3404700
787,2019-02-20,29.219999,29.98,29.200001,29.809999,29.414722,2601700
788,2019-02-21,29.559999,29.610001,28.559999,28.76,28.378645,3330000
789,2019-02-22,29.040001,29.190001,28.43,28.48,28.102358,2648400
790,2019-02-25,28.4,28.92,28.4,28.549999,28.171431,2787700
791,2019-02-26,28.620001,28.950001,28.49,28.49,28.112226,2070100
792,2019-02-27,28.620001,29.309999,28.43,28.719999,28.339172,3422800
793,2019-02-28,28.76,28.76,27.58,28.139999,27.766867,4653000
794,2019-03-01,28.25,29.0,28.25,28.790001,28.408251,3381000
795,2019-03-04,29.049999,29.16,28.16,28.360001,27.98395,3246100
796,2019-03-05,28.41,28.5,27.75,28.18,27.806339,3234800
797,2019-03-06,28.030001,28.049999,27.209999,27.309999,26.947872,4223500
798,2019-03-07,27.309999,27.35,26.440001,26.58,26.227552,4615600
799,2019-03-08,26.040001,26.18,25.620001,25.870001,25.526968,3193000
800,2019-03-11,26.02,26.610001,25.950001,26.5,26.148613,3694800
801,2019-03-12,26.66,26.98,26.549999,26.93,26.572912,2374700
802,2019-03-13,27.18,27.610001,26.74,27.1,26.740658,4145200
803,2019-03-14,27.219999,27.450001,26.92,27.040001,26.73077,2425700
804,2019-03-15,26.75,27.139999,26.42,26.48,26.177176,9443800
805,2019-03-18,26.66,28.389999,26.66,28.120001,27.798422,4638300
806,2019-03-19,28.379999,28.610001,28.07,28.16,27.837963,5115000
807,2019-03-20,28.120001,28.58,27.809999,28.370001,28.045563,6155200
808,2019-03-21,28.26,28.33,27.690001,27.9,27.580935,2904000
809,2019-03-22,27.549999,27.780001,26.610001,26.629999,26.32546,2679200
810,2019-03-25,26.440001,26.65,26.09,26.629999,26.32546,1880200
811,2019-03-26,27.0,27.25,26.540001,26.780001,26.473745,2017900
812,2019-03-27,26.719999,26.940001,26.219999,26.309999,26.009119,2185600
813,2019-03-28,26.16,26.6,26.0,26.5,26.196947,2136800
814,2019-03-29,26.889999,27.02,26.32,26.639999,26.335344,2788400
815,2019-04-01,26.799999,27.26,26.700001,27.24,26.928484,2856100
816,2019-04-02,27.299999,27.629999,27.01,27.16,26.849398,2501600
817,2019-04-03,27.35,27.559999,26.940001,27.26,26.948256,3854000
818,2019-04-04,27.15,27.450001,26.73,27.379999,27.066883,2965400
819,2019-04-05,27.530001,28.209999,27.42,28.200001,27.877506,2905400
820,2019-04-08,28.24,28.65,28.07,28.32,27.996132,3108700
821,2019-04-09,28.23,28.280001,27.780001,28.030001,27.709454,2175400
822,2019-04-10,27.940001,28.809999,27.82,28.68,28.352016,2976500
823,2019-04-11,28.719999,29.370001,28.49,29.33,28.994583,4932300
824,2019-04-12,28.290001,28.690001,26.809999,26.870001,26.562717,9527000
825,2019-04-15,26.700001,28.309999,26.66,27.530001,27.215168,6587800
826,2019-04-16,27.67,27.73,26.59,27.18,26.869171,3521800
827,2019-04-17,27.309999,27.629999,27.139999,27.25,26.938368,2474500
828,2019-04-18,27.34,27.76,26.629999,26.969999,26.661572,2826600
829,2019-04-22,27.379999,27.799999,27.01,27.74,27.422766,2953700
830,2019-04-23,27.84,28.16,27.73,27.9,27.580935,3023100
831,2019-04-24,27.709999,27.879999,26.469999,26.49,26.187059,2477200
832,2019-04-25,26.360001,26.639999,26.08,26.440001,26.137634,5038400
833,2019-04-26,25.940001,28.620001,25.440001,27.4,27.086653,9334900
834,2019-04-29,27.35,28.07,27.08,27.75,27.43265,3316900
835,2019-04-30,27.92,27.92,25.879999,26.139999,25.841063,6612800
836,2019-05-01,26.049999,26.23,24.879999,24.92,24.635015,4646800
837,2019-05-02,24.75,25.030001,24.040001,24.950001,24.664675,7402200
838,2019-05-03,25.25,25.620001,25.129999,25.41,25.119413,4287400
839,2019-05-06,25.09,25.84,24.93,25.700001,25.406097,8660000
840,2019-05-07,25.389999,25.57,25.18,25.35,25.060101,4066800
841,2019-05-08,25.35,25.360001,24.360001,24.82,24.536158,4620100
842,2019-05-09,24.540001,25.15,24.450001,25.110001,24.822844,4274400
843,2019-05-10,25.030001,25.09,24.709999,24.9,24.615246,5086300
844,2019-05-13,24.65,24.65,23.42,23.73,23.458624,5043600
845,2019-05-14,23.98,24.709999,23.889999,24.379999,24.101191,2463400
846,2019-05-15,24.049999,24.77,23.85,24.709999,24.427416,3379800
847,2019-05-16,24.879999,25.02,24.610001,24.75,24.466961,2099700
848,2019-05-17,24.4,24.6,23.889999,23.950001,23.676109,2113800
849,2019-05-20,23.85,24.129999,23.700001,24.129999,23.854046,2943500
850,2019-05-21,24.200001,24.42,23.98,24.1,23.824392,3734400
851,2019-05-22,23.790001,23.870001,22.629999,23.129999,22.865486,4199000
852,2019-05-23,22.459999,22.459999,21.67,22.110001,21.857149,13161300
853,2019-05-24,22.34,22.51,22.120001,22.389999,22.133947,4855800
854,2019-05-28,22.51,22.51,21.83,21.9,21.649551,3873800
855,2019-05-29,21.5,21.74,21.219999,21.66,21.412298,3097000
856,2019-05-30,21.57,21.73,20.860001,21.07,20.829044,4513100
857,2019-05-31,20.6,21.08,20.379999,20.85,20.611561,4156600
858,2019-06-03,21.01,21.5,20.780001,21.219999,20.977327,4133300
859,2019-06-04,21.610001,21.620001,21.110001,21.32,21.076185,3162300
860,2019-06-05,21.23,21.26,20.139999,20.58,20.344648,4971100
861,2019-06-06,20.59,20.84,20.33,20.77,20.532476,7279700
862,2019-06-07,20.889999,21.110001,20.530001,20.85,20.611561,3330500
863,2019-06-10,20.99,21.18,20.809999,20.98,20.740072,5312300
864,2019-06-11,21.23,21.719999,21.16,21.299999,21.056412,3516600
865,2019-06-12,20.98,21.18,20.49,20.540001,20.305105,4992600
866,2019-06-13,20.889999,21.190001,20.610001,20.719999,20.533028,4999200
867,2019-06-14,20.67,20.85,19.57,20.0,19.819525,6272800
868,2019-06-17,19.84,20.57,19.620001,20.34,20.15646,4511800
869,2019-06-18,20.34,20.809999,20.26,20.639999,20.453751,4459800
870,2019-06-19,20.719999,21.09,20.51,20.809999,20.622217,3479800
871,2019-06-20,21.32,21.93,21.32,21.719999,21.524006,5086500
872,2019-06-21,21.74,21.98,21.24,21.32,21.127615,6418500
873,2019-06-24,21.26,21.48,21.16,21.27,21.078068,4084000
874,2019-06-25,21.18,21.379999,20.93,21.24,21.048338,4438000
875,2019-06-26,21.559999,22.040001,21.41,21.58,21.385269,3726800
876,2019-06-27,21.610001,21.690001,21.299999,21.43,21.236624,3233200
877,2019-06-28,21.49,22.23,21.49,22.23,22.029404,5070500
878,2019-07-01,22.75,23.059999,22.120001,22.23,22.029404,6277600
879,2019-07-02,22.23,22.23,21.629999,21.77,21.573555,4234900
880,2019-07-03,21.85,21.93,21.42,21.780001,21.583466,1354600
881,2019-07-05,21.66,22.049999,21.620001,21.940001,21.74202,1612600
882,2019-07-08,21.860001,22.1,21.610001,21.83,21.633013,2544700
883,2019-07-09,21.620001,21.75,21.43,21.52,21.325811,3316800
884,2019-07-10,21.719999,22.16,21.639999,22.09,21.890667,2911100
885,2019-07-11,22.15,22.5,21.99,22.02,21.821301,4157500
886,2019-07-12,22.15,22.35,21.9,21.940001,21.74202,4233200
887,2019-07-15,21.790001,21.85,21.35,21.5,21.305992,5618000
888,2019-07-16,21.440001,21.93,21.23,21.33,21.137526,5273200
889,2019-07-17,21.290001,21.290001,20.719999,20.790001,20.6024,3505300
890,2019-07-18,20.6,20.76,20.34,20.74,20.552851,2692800
891,2019-07-19,20.74,21.209999,20.52,20.99,20.800594,4246200
892,2019-07-22,21.16,21.59,20.93,21.25,21.058247,4389000
893,2019-07-23,21.33,21.9,21.120001,21.84,21.642923,5972500
894,2019-07-24,21.84,22.23,21.83,22.030001,21.831209,3567700
895,2019-07-25,22.15,22.23,21.219999,21.450001,21.256443,4916400
896,2019-07-26,21.450001,21.809999,21.360001,21.719999,21.524006,4612900
897,2019-07-29,21.66,21.66,20.629999,20.68,20.493391,5581400
898,2019-07-30,20.959999,23.190001,19.700001,23.02,22.812275,15818300
899,2019-07-31,23.940001,24.889999,23.5,23.82,23.605057,10882500
900,2019-08-01,23.48,23.48,22.08,22.440001,22.237511,6599600
901,2019-08-02,22.540001,22.73,21.610001,22.09,21.890667,7434600
902,2019-08-05,21.52,21.84,21.120001,21.74,21.543825,4611900
903,2019-08-06,21.790001,22.049999,20.83,21.309999,21.117704,3311800
904,2019-08-07,20.77,20.879999,20.07,20.59,20.404203,5068300
905,2019-08-08,20.639999,20.870001,20.16,20.84,20.651945,4229200
906,2019-08-09,20.879999,20.959999,20.01,20.08,19.898804,4230400
907,2019-08-12,20.200001,20.43,19.889999,20.18,19.997902,3721900
908,2019-08-13,20.07,20.889999,19.93,20.379999,20.196098,3299900
909,2019-08-14,19.76,19.799999,18.690001,18.74,18.570894,4851400
910,2019-08-15,18.5,18.610001,18.049999,18.280001,18.115047,4871400
911,2019-08-16,18.370001,18.790001,18.24,18.639999,18.471798,3649200
912,2019-08-19,19.0,19.43,18.85,19.309999,19.135752,3818400
913,2019-08-20,19.129999,19.17,18.66,18.879999,18.709633,3099900
914,2019-08-21,19.040001,19.379999,19.01,19.08,18.907827,2500900
915,2019-08-22,19.25,19.620001,19.17,19.32,19.145662,3484400
916,2019-08-23,18.9,19.35,18.610001,18.709999,18.541166,5497000
917,2019-08-26,19.049999,19.16,18.59,18.68,18.511436,2920300
918,2019-08-27,18.91,18.98,18.42,18.459999,18.293423,3062900
919,2019-08-28,18.469999,19.24,18.290001,19.17,18.997017,3487200
920,2019-08-29,19.379999,20.379999,19.360001,20.1,19.918625,4869700
921,2019-08-30,20.280001,20.639999,20.049999,20.43,20.245646,3895600
922,2019-09-03,19.91,20.67,19.620001,20.620001,20.433933,5089400
923,2019-09-04,20.98,21.18,20.559999,20.690001,20.5033,4189500
924,2019-09-05,21.16,22.15,21.049999,22.0,21.801479,4940100
925,2019-09-06,21.780001,22.219999,21.370001,22.17,21.969944,4390600
926,2019-09-09,22.450001,23.959999,22.370001,23.959999,23.743792,5808100
927,2019-09-10,24.219999,24.77,23.639999,23.74,23.525778,6345600
928,2019-09-11,23.83,24.4,23.33,24.040001,23.823071,6649200
929,2019-09-12,23.120001,23.4,22.5,23.1,22.939262,5461400
930,2019-09-13,23.469999,23.83,22.620001,22.809999,22.651279,4530700
931,2019-09-16,24.629999,24.959999,23.290001,23.389999,23.227243,5406600
932,2019-09-17,23.110001,23.190001,22.17,22.65,22.492393,3878700
933,2019-09-18,22.129999,22.98,21.74,22.940001,22.780378,3883400
934,2019-09-19,23.23,23.370001,22.870001,22.889999,22.730722,3892400
935,2019-09-20,23.0,23.1,22.34,22.559999,22.403021,5515200
936,2019-09-23,22.25,22.85,22.25,22.690001,22.532118,2497500
937,2019-09-24,22.530001,22.530001,21.280001,21.559999,21.409979,3325400
938,2019-09-25,21.32,22.34,21.23,22.280001,22.124969,4155100
939,2019-09-26,22.059999,22.200001,21.620001,22.07,21.91643,3786300
940,2019-09-27,21.82,22.35,21.51,22.040001,21.886641,2911500
941,2019-09-30,21.860001,21.860001,21.059999,21.200001,21.052485,5556300
942,2019-10-01,21.35,21.68,20.68,20.860001,20.714849,3604400
943,2019-10-02,20.860001,21.049999,20.4,20.469999,20.327562,3910900
944,2019-10-03,20.309999,20.969999,20.18,20.92,20.774431,3109000
945,2019-10-04,20.950001,21.09,20.67,21.040001,20.893599,3473900
946,2019-10-07,21.059999,21.360001,20.67,20.690001,20.546032,3260300
947,2019-10-08,20.42,20.91,20.25,20.280001,20.138887,3018500
948,2019-10-09,20.51,20.559999,19.91,20.190001,20.049511,2915600
949,2019-10-10,20.32,20.879999,20.290001,20.68,20.536102,2693500
950,2019-10-11,21.01,21.33,20.860001,21.18,21.032623,3276100
951,2019-10-14,20.870001,21.200001,20.42,21.09,20.943249,2366900
952,2019-10-15,21.07,21.610001,20.889999,21.209999,21.062412,2989100
953,2019-10-16,21.24,21.49,20.940001,21.01,20.863808,2926300
954,2019-10-17,21.1,21.129999,20.52,20.540001,20.397078,4516400
955,2019-10-18,20.629999,21.120001,20.07,20.110001,19.97007,4312800
956,2019-10-21,20.18,20.940001,20.16,20.76,20.615547,3012700
957,2019-10-22,20.940001,21.66,20.6,21.540001,21.39012,5649900
958,2019-10-23,21.48,21.92,21.07,21.639999,21.489422,3172400
959,2019-10-24,21.67,21.790001,20.360001,20.73,20.585752,4549700
960,2019-10-25,20.65,20.940001,20.42,20.85,20.70492,4139500
961,2019-10-28,20.91,21.190001,20.610001,20.959999,20.814152,4719600
962,2019-10-29,22.41,24.49,22.15,23.83,23.664183,10866400
963,2019-10-30,24.01,24.389999,22.43,22.66,22.502323,7245800
964,2019-10-31,22.540001,22.74,22.15,22.620001,22.462603,3995700
965,2019-11-01,22.860001,23.18,22.65,23.15,22.988914,3496000
966,2019-11-04,23.459999,24.040001,23.309999,24.02,23.852861,3907300
967,2019-11-05,24.200001,24.48,23.809999,24.15,23.981956,5122800
968,2019-11-06,23.940001,23.940001,23.309999,23.629999,23.465574,3222700
969,2019-11-07,23.93,24.23,23.26,23.33,23.167662,3634600
970,2019-11-08,22.99,23.58,22.709999,23.379999,23.217314,2696700
971,2019-11-11,22.959999,23.200001,22.65,23.08,22.919401,2480700
972,2019-11-12,23.02,23.379999,22.49,22.68,22.522184,2552100
973,2019-11-13,22.540001,22.66,22.190001,22.35,22.194483,1611800
974,2019-11-14,22.4,22.73,22.030001,22.09,21.936291,2097300
975,2019-11-15,22.209999,22.42,21.940001,22.280001,22.124969,2597100
976,2019-11-18,22.040001,22.040001,21.42,21.620001,21.469563,2296800
977,2019-11-19,21.549999,21.559999,21.08,21.110001,20.96311,2082900
978,2019-11-20,21.17,21.77,20.959999,21.360001,21.21137,2756500
979,2019-11-21,21.6,21.84,21.219999,21.780001,21.628448,2755700
980,2019-11-22,21.889999,22.15,21.639999,21.799999,21.648308,2378900
981,2019-11-25,21.74,22.709999,21.5,22.6,22.442741,4657000
982,2019-11-26,22.59,22.610001,22.25,22.389999,22.234201,4190400
983,2019-11-27,22.42,22.889999,22.290001,22.780001,22.62149,2557300
984,2019-11-29,22.58,22.77,22.35,22.549999,22.393089,1982600
985,2019-12-02,22.709999,23.32,22.59,23.049999,22.88961,7754200
986,2019-12-03,22.530001,22.629999,22.030001,22.110001,21.956152,5253500
987,2019-12-04,22.370001,23.01,22.110001,22.75,22.5917,2826900
988,2019-12-05,22.870001,22.98,22.360001,22.57,22.462318,2184700
989,2019-12-06,22.639999,23.4,22.639999,23.360001,23.24855,2608900
990,2019-12-09,23.17,23.379999,23.040001,23.049999,22.940027,2658500
991,2019-12-10,23.139999,23.73,23.01,23.42,23.308264,2657000
992,2019-12-11,23.450001,23.83,23.35,23.65,23.537165,2182900
993,2019-12-12,23.82,24.440001,23.629999,24.139999,24.024828,3365800
994,2019-12-13,24.23,24.290001,23.67,23.799999,23.686449,4355600
995,2019-12-16,24.07,24.200001,23.790001,23.85,23.736212,2669400
996,2019-12-17,23.870001,24.02,23.6,23.73,23.616783,2790300
997,2019-12-18,23.65,24.200001,23.629999,23.709999,23.596878,2872200
998,2019-12-19,23.700001,24.35,23.67,24.34,24.223875,3192400
999,2019-12-20,24.459999,24.5,24.129999,24.33,24.213923,4778200
1000,2019-12-23,24.33,25.110001,24.280001,25.08,24.960344,2291000
1001,2019-12-24,25.01,25.389999,24.77,24.940001,24.821012,1041500
1002,2019-12-26,25.1,25.23,24.950001,25.030001,24.910583,1328400
1003,2019-12-27,25.120001,25.23,24.889999,24.940001,24.821012,1870100
1004,2019-12-30,24.98,25.540001,24.98,25.219999,25.099674,2231200
1005,2019-12-31,24.870001,25.120001,24.440001,25.049999,24.930487,2965000
1006,2020-01-02,25.049999,25.27,24.719999,25.26,25.139484,3361300
1007,2020-01-03,25.57,25.809999,25.16,25.35,25.229055,2553100
1008,2020-01-06,25.4,25.620001,25.120001,25.48,25.358435,2887300
1009,2020-01-07,25.32,25.450001,24.540001,24.99,24.870773,2452000
1010,2020-01-08,24.84,24.99,23.99,24.110001,23.994972,2802900
1011,2020-01-09,24.1,24.299999,23.76,24.129999,24.014875,2475000
1012,2020-01-10,24.07,24.129999,23.790001,23.84,23.726259,3963600
1013,2020-01-13,23.76,23.860001,23.379999,23.58,23.467501,2978600
1014,2020-01-14,23.43,23.67,23.1,23.639999,23.527212,3812200
1015,2020-01-15,23.469999,23.690001,23.17,23.32,23.20874,2401900
1016,2020-01-16,23.469999,23.85,23.450001,23.52,23.407787,1889500
1017,2020-01-17,23.65,23.75,23.4,23.5,23.387882,2310700
1018,2020-01-21,23.32,23.49,23.139999,23.27,23.158979,2265900
1019,2020-01-22,23.09,23.09,22.780001,22.940001,22.830553,2523600
1020,2020-01-23,22.51,22.950001,22.209999,22.719999,22.611603,2293600
1021,2020-01-24,22.58,22.58,21.58,21.879999,21.77561,2166500
1022,2020-01-27,21.23,21.540001,20.889999,20.9,20.800285,2305300
1023,2020-01-28,20.91,21.23,20.719999,21.120001,21.019238,2230300
1024,2020-01-29,21.299999,21.450001,20.700001,20.719999,20.621145,2499300
1025,2020-01-30,20.34,21.030001,20.299999,21.02,20.919714,2971200
1026,2020-01-31,20.639999,20.68,20.32,20.610001,20.511671,3525100
1027,2020-02-03,20.629999,21.08,20.5,20.870001,20.77043,2921800
1028,2020-02-04,21.25,21.559999,21.23,21.389999,21.287949,3359400
1029,2020-02-05,21.879999,22.51,21.76,22.25,22.143845,3964700
1030,2020-02-06,22.42,22.42,21.76,21.889999,21.785563,3136600
1031,2020-02-07,23.709999,24.75,23.540001,24.18,24.064638,9040500
1032,2020-02-10,23.99,23.99,22.719999,22.879999,22.77084,4214600
1033,2020-02-11,23.360001,23.48,22.92,23.33,23.218693,3094300
1034,2020-02-12,23.9,24.209999,23.65,23.91,23.795925,2705600
1035,2020-02-13,23.65,23.85,23.219999,23.34,23.228645,3527200
1036,2020-02-14,23.4,23.42,22.549999,22.889999,22.780792,2521200
1037,2020-02-18,22.59,22.98,22.35,22.85,22.740984,2547500
1038,2020-02-19,22.790001,23.549999,22.66,23.379999,23.268454,3107800
1039,2020-02-20,23.469999,23.950001,23.42,23.620001,23.507311,2347900
1040,2020-02-21,23.299999,23.4,22.809999,23.209999,23.099264,2348000
1041,2020-02-24,22.290001,22.4,21.67,21.700001,21.59647,3104200
1042,2020-02-25,21.82,21.82,20.08,20.23,20.133482,3789900
1043,2020-02-26,20.41,20.530001,19.34,19.469999,19.377108,3378700
1044,2020-02-27,18.76,19.799999,18.389999,18.82,18.730209,3929100
1045,2020-02-28,18.16,18.77,18.01,18.709999,18.620733,6912400
1046,2020-03-02,19.030001,19.82,18.41,19.82,19.725439,5319000
1047,2020-03-03,19.610001,20.02,18.85,19.139999,19.048683,7056900
1048,2020-03-04,19.43,19.459999,18.52,18.99,18.899399,4681100
1049,2020-03-05,18.219999,18.68,17.530001,18.07,17.983788,4550900
1050,2020-03-06,17.4,17.75,15.2,15.68,15.605191,7439300
1051,2020-03-09,11.68,12.58,11.02,11.14,11.086851,7780000
1052,2020-03-10,12.09,12.29,10.89,12.09,12.032319,7160400
1053,2020-03-11,11.56,11.79,10.2,10.48,10.429999,8567200
1054,2020-03-12,9.66,10.15,8.57,8.7,8.7,7822300
1055,2020-03-13,9.45,10.2,8.71,10.18,10.18,6490200
1056,2020-03-16,8.51,10.17,8.51,8.86,8.86,7145000
1057,2020-03-17,8.89,9.78,8.36,9.42,9.42,6132200
1058,2020-03-18,8.53,9.95,8.0,8.47,8.47,7938600
1059,2020-03-19,8.62,10.31,8.5,10.29,10.29,5662800
1060,2020-03-20,10.71,11.14,9.96,10.19,10.19,7328300
1061,2020-03-23,10.2,10.57,9.68,9.75,9.75,6081000
1062,2020-03-24,10.25,11.24,10.25,11.14,11.14,4614900
1063,2020-03-25,11.07,11.81,10.18,11.02,11.02,4710400
1064,2020-03-26,11.2,11.6,10.69,11.25,11.25,5555500
1065,2020-03-27,10.47,10.89,9.98,10.06,10.06,6951800
1066,2020-03-30,9.67,9.9,9.07,9.4,9.4,5878500
1067,2020-03-31,9.79,9.99,9.25,9.83,9.83,5141000
1068,2020-04-01,9.47,9.57,8.89,9.35,9.35,3925600
1069,2020-04-02,9.7,10.7,9.18,10.06,10.06,6470700
1070,2020-04-03,10.46,10.64,9.54,9.85,9.85,5293600
1071,2020-04-06,10.35,11.03,10.15,10.9,10.9,4344800
1072,2020-04-07,11.76,12.34,10.81,10.87,10.87,6988200
1073,2020-04-08,11.23,11.84,11.03,11.68,11.68,4963600
1074,2020-04-09,12.32,12.74,11.3,11.6,11.6,5659300
1075,2020-04-13,12.04,12.34,11.56,12.03,12.03,4282100
1076,2020-04-14,12.06,12.49,11.77,12.06,12.06,3052300
1077,2020-04-15,11.15,11.48,10.84,11.29,11.29,4496600
1078,2020-04-16,11.13,11.17,10.41,10.85,10.85,3998800
1079,2020-04-17,10.89,11.69,10.85,11.67,11.67,6859100
1080,2020-04-20,10.72,11.82,10.52,11.5,11.5,5495700
1081,2020-04-21,11.15,11.74,11.03,11.48,11.48,7386500
1082,2020-04-22,12.12,12.45,11.66,11.8,11.8,3520800
1083,2020-04-23,12.18,12.6,12.12,12.42,12.42,5870600
1084,2020-04-24,12.72,13.1,11.93,12.02,12.02,7420400
1085,2020-04-27,11.79,12.58,11.45,12.35,12.35,6319800
1086,2020-04-28,12.39,12.75,11.44,11.77,11.77,7838700
1087,2020-04-29,12.47,13.13,12.21,12.98,12.98,4793300
1088,2020-04-30,13.08,13.13,12.4,12.64,12.64,4851300
1089,2020-05-01,12.36,12.48,11.57,11.7,11.7,4555100
1090,2020-05-04,11.36,12.34,11.31,12.33,12.33,4111200
1091,2020-05-05,12.95,13.33,12.19,12.31,12.31,4960100
1092,2020-05-06,12.19,12.42,11.76,11.8,11.8,3181800
1093,2020-05-07,12.16,12.5,12.13,12.35,12.35,4139100
1094,2020-05-08,12.66,13.21,12.54,13.19,13.19,2713400
1095,2020-05-11,12.87,13.23,12.69,12.88,12.88,2511600
1096,2020-05-12,12.99,13.17,12.58,12.89,12.89,3569900
1097,2020-05-13,12.75,12.87,11.48,11.51,11.51,3991200
1098,2020-05-14,11.16,11.75,10.79,11.67,11.67,4092000
1099,2020-05-15,11.52,11.91,11.45,11.52,11.52,3926500
1100,2020-05-18,12.36,12.92,12.22,12.78,12.78,3532400
1101,2020-05-19,12.66,12.68,12.02,12.04,12.04,3214000
1102,2020-05-20,12.34,13.0,12.26,13.0,13.0,2787300
1103,2020-05-21,12.89,12.9,11.95,12.12,12.12,5944300
1104,2020-05-22,11.95,12.27,11.8,12.09,12.09,4375300
1105,2020-05-26,12.74,12.98,12.41,12.87,12.87,3572400
1106,2020-05-27,13.1,13.28,12.51,13.26,13.26,3159100
1107,2020-05-28,13.28,13.44,12.82,12.93,12.93,2716200
1108,2020-05-29,12.74,12.83,12.07,12.47,12.47,5587400
1109,2020-06-01,12.55,12.68,12.08,12.5,12.5,3619000
1110,2020-06-02,12.7,12.91,12.6,12.69,12.69,4530000
1111,2020-06-03,13.0,13.46,12.85,13.35,13.35,3516600
1112,2020-06-04,13.36,13.88,13.23,13.76,13.76,3155100
1113,2020-06-05,14.75,15.3,14.6,15.03,15.03,5030900
1114,2020-06-08,15.72,16.530001,15.42,16.52,16.52,6380500
1115,2020-06-09,15.71,15.78,15.23,15.69,15.69,4405600
1116,2020-06-10,15.42,15.46,14.43,14.74,14.74,4946300
1117,2020-06-11,13.27,13.63,12.63,12.65,12.65,4322300
1118,2020-06-12,13.42,13.42,12.19,12.77,12.77,5390000
1119,2020-06-15,12.0,12.87,11.91,12.44,12.44,6310400
1120,2020-06-16,13.37,13.54,12.81,12.98,12.98,3981700
1121,2020-06-17,12.94,12.94,12.25,12.25,12.25,3852600
1122,2020-06-18,12.0,12.52,11.89,12.27,12.27,2907700
1123,2020-06-19,12.74,12.79,11.73,11.74,11.74,9147200
1124,2020-06-22,11.66,11.87,11.39,11.81,11.81,3549700
1125,2020-06-23,11.98,12.22,11.82,12.13,12.13,3827300
1126,2020-06-24,11.93,11.93,11.1,11.19,11.19,3557900
1127,2020-06-25,11.01,12.41,10.95,12.29,12.29,8485900
1128,2020-06-26,12.13,12.2,11.87,12.19,12.19,7687400
1129,2020-06-29,12.22,12.52,11.95,12.15,12.15,3621600
1130,2020-06-30,12.01,12.38,11.96,12.25,12.25,8599300
1131,2020-07-01,12.4,12.42,11.75,11.81,11.81,6195700
1132,2020-07-02,12.15,12.49,12.09,12.1,12.1,5061500
1133,2020-07-06,12.43,12.53,12.22,12.39,12.39,5748100
1134,2020-07-07,12.2,12.22,11.58,11.61,11.61,7075100
1135,2020-07-08,11.73,11.96,11.38,11.45,11.45,6131300
1136,2020-07-09,11.45,11.55,10.81,10.83,10.83,4933500
1137,2020-07-10,10.8,11.24,10.74,11.23,11.23,4596800
1138,2020-07-13,11.39,11.39,10.84,11.06,11.06,5295300
1139,2020-07-14,10.94,11.58,10.79,11.53,11.53,4531700
1140,2020-07-15,11.95,12.03,11.45,11.72,11.72,5031400
1141,2020-07-16,11.61,11.78,11.28,11.52,11.52,4225600
1142,2020-07-17,11.51,11.64,11.23,11.36,11.36,3205600
1143,2020-07-20,11.36,11.55,11.23,11.32,11.32,4295600
1144,2020-07-21,11.6,12.38,11.56,12.27,12.27,10506900
1145,2020-07-22,11.95,12.29,11.86,12.18,12.18,6754900
1146,2020-07-23,12.06,12.52,11.96,12.51,12.51,8922000
1147,2020-07-24,12.52,12.88,12.44,12.74,12.74,7236300
1148,2020-07-27,12.72,13.14,12.53,12.99,12.99,7514900
1149,2020-07-28,12.43,13.27,11.06,11.56,11.56,16335600
1150,2020-07-29,11.55,11.99,11.36,11.69,11.69,7260500
1151,2020-07-30,11.42,11.67,11.08,11.51,11.51,8762600
1152,2020-07-31,11.32,11.55,11.26,11.51,11.51,7783700
1153,2020-08-03,11.51,11.8,11.4,11.59,11.59,3790800
1154,2020-08-04,11.56,11.83,11.48,11.75,11.75,4033900
1155,2020-08-05,12.08,12.22,11.87,12.01,12.01,5023000
1156,2020-08-06,12.01,12.26,11.85,11.98,11.98,3509300
1157,2020-08-07,11.83,11.99,11.66,11.99,11.99,2491200
1158,2020-08-10,12.07,12.55,12.01,12.42,12.42,3599700
1159,2020-08-11,12.75,13.27,12.71,13.05,13.05,8113500
1160,2020-08-12,13.27,13.37,12.89,13.2,13.2,4874600
1161,2020-08-13,13.16,13.29,12.96,13.03,13.03,3834000
1162,2020-08-14,12.91,13.18,12.83,13.12,13.12,2366300
1163,2020-08-17,13.01,13.15,12.59,12.76,12.76,4770700
1164,2020-08-18,12.7,12.9,12.53,12.57,12.57,2720600
1165,2020-08-19,12.57,12.84,12.41,12.49,12.49,3487200
1166,2020-08-20,12.25,12.26,11.99,12.03,12.03,2857000
1167,2020-08-21,11.91,11.97,11.72,11.77,11.77,4178800
1168,2020-08-24,11.9,12.23,11.84,12.14,12.14,6072700
1169,2020-08-25,12.32,12.43,12.0,12.09,12.09,2074300
1170,2020-08-26,12.04,12.14,11.83,11.91,11.91,4341400
1171,2020-08-27,11.91,12.09,11.81,12.07,12.07,2464400
1172,2020-08-28,12.11,12.4,12.0,12.32,12.32,2423500
1173,2020-08-31,12.31,12.4,11.89,12.0,12.0,3730400
1174,2020-09-01,11.85,12.16,11.83,11.94,11.94,3647700
1175,2020-09-02,11.95,12.0,11.78,11.84,11.84,3550600
1176,2020-09-03,11.89,12.5,11.8,11.99,11.99,4579200
1177,2020-09-04,12.12,12.25,11.93,12.15,12.15,2796800
1178,2020-09-08,11.82,11.88,11.29,11.4,11.4,7716900
1179,2020-09-09,11.49,11.68,11.3,11.5,11.5,3565800
1180,2020-09-10,11.54,11.6,11.07,11.15,11.15,5220500
1181,2020-09-11,11.21,11.35,11.04,11.21,11.21,3510800
1182,2020-09-14,11.19,11.4,11.04,11.3,11.3,3272600
1183,2020-09-15,11.35,11.48,11.13,11.32,11.32,5606300
1184,2020-09-16,11.55,12.1,11.34,11.93,11.93,4008600
1185,2020-09-17,11.71,11.85,11.5,11.85,11.85,5226100
1186,2020-09-18,11.78,12.08,11.61,11.74,11.74,10853000
1187,2020-09-21,11.27,11.33,10.67,10.84,10.84,6172300
1188,2020-09-22,10.81,11.08,10.74,10.81,10.81,4767600
1189,2020-09-23,10.8,10.84,10.31,10.4,10.4,5930400
1190,2020-09-24,10.3,10.49,9.99,10.15,10.15,4729800
1191,2020-09-25,10.01,10.18,9.5,9.51,9.51,10794100
1192,2020-09-28,9.82,10.1,9.71,9.8,9.8,6479100
1193,2020-09-29,9.68,9.71,9.05,9.21,9.21,7566000
1194,2020-09-30,9.32,9.52,8.96,9.06,9.06,7081900
1195,2020-10-01,8.89,8.94,8.52,8.66,8.66,7754700
1196,2020-10-02,8.19,8.9,8.13,8.7,8.7,5686000
1197,2020-10-05,8.89,9.07,8.84,8.96,8.96,3710700
1198,2020-10-06,9.17,9.3,8.62,8.67,8.67,5229800
1199,2020-10-07,8.71,8.85,8.59,8.77,8.77,3483300
1200,2020-10-08,8.87,9.26,8.81,9.25,9.25,5000500
1201,2020-10-09,9.34,9.38,8.98,9.05,9.05,3369800
1202,2020-10-12,9.0,9.09,8.75,9.04,9.04,3853800
1203,2020-10-13,8.97,9.01,8.58,8.63,8.63,5035700
1204,2020-10-14,8.66,9.1,8.64,8.8,8.8,8012700
1205,2020-10-15,8.59,8.98,8.52,8.97,8.97,7201100
1206,2020-10-16,8.9,9.03,8.56,8.6,8.6,5644800
1207,2020-10-19,8.72,9.05,8.62,8.7,8.7,4918300
1208,2020-10-20,8.89,9.26,8.84,9.14,9.14,4933800
1209,2020-10-21,9.03,9.32,8.98,9.01,9.01,4754100
1210,2020-10-22,9.02,9.31,8.9,9.31,9.31,4890100
1211,2020-10-23,9.36,9.4,9.01,9.19,9.19,4780200
1212,2020-10-26,9.04,9.07,8.81,8.93,8.93,4970800
1213,2020-10-27,9.1,9.2,8.44,8.59,8.59,9030400
1214,2020-10-28,8.25,8.44,7.99,8.01,8.01,8362100
1215,2020-10-29,7.84,8.13,7.7,8.1,8.1,7500000
1216,2020-10-30,8.08,8.43,7.95,8.4,8.4,6587000
1217,2020-11-02,8.59,9.26,8.33,9.11,9.11,7837300
1218,2020-11-03,9.36,9.42,8.91,9.07,9.07,4990300
1219,2020-11-04,9.23,9.28,8.68,9.05,9.05,5704300
1220,2020-11-05,9.07,9.44,9.07,9.3,9.3,5709800
1221,2020-11-06,9.26,9.38,8.89,9.0,9.0,4675000
1222,2020-11-09,10.28,11.91,10.27,11.46,11.46,9893400
1223,2020-11-10,11.55,11.81,10.8,11.01,11.01,8344900
1224,2020-11-11,11.1,11.15,10.5,10.71,10.71,5227900
1225,2020-11-12,10.43,10.88,10.39,10.5,10.5,4744000
1226,2020-11-13,10.63,11.04,10.61,10.98,10.98,6035100
1227,2020-11-16,11.68,12.06,11.48,12.04,12.04,5296100
1228,2020-11-17,11.75,12.25,11.75,12.2,12.2,7427200
1229,2020-11-18,12.34,12.63,11.93,11.94,11.94,4716900
1230,2020-11-19,11.78,12.34,11.7,12.31,12.31,3966000
1231,2020-11-20,12.18,12.46,12.03,12.31,12.31,6362400
1232,2020-11-23,12.6,13.32,12.48,13.28,13.28,5303700
1233,2020-11-24,13.8,14.15,13.62,14.0,14.0,7317700
1234,2020-11-25,13.59,13.83,13.39,13.6,13.6,6770200
1235,2020-11-27,13.41,13.47,12.88,13.15,13.15,4564900
1236,2020-11-30,13.03,13.19,12.2,12.26,12.26,33977700
1237,2020-12-01,12.84,13.06,12.63,12.7,12.7,6070900
1238,2020-12-02,12.58,13.42,12.41,13.12,13.12,6708600
1239,2020-12-03,13.26,13.65,13.12,13.43,13.43,5156300
1240,2020-12-04,13.78,14.57,13.52,14.55,14.55,6251700
1241,2020-12-07,14.26,14.46,13.97,14.02,14.02,4952500
1242,2020-12-08,13.78,14.39,13.77,14.35,14.35,2995900
1243,2020-12-09,14.47,14.69,14.08,14.44,14.44,7628700
1244,2020-12-10,14.19,15.0,14.15,14.66,14.66,6402500
1245,2020-12-11,14.47,14.47,14.06,14.32,14.32,4984500
1246,2020-12-14,14.63,14.71,13.68,13.71,13.71,5351600
1247,2020-12-15,13.88,14.3,13.66,14.11,14.11,6367600
1248,2020-12-16,14.1,14.18,13.81,13.94,13.94,4713300
1249,2020-12-17,14.06,14.17,13.61,13.93,13.93,4534600
1250,2020-12-18,13.86,14.02,13.62,13.7,13.7,6538900
1251,2020-12-21,13.0,13.51,12.83,13.3,13.3,4709000
1252,2020-12-22,13.28,13.45,13.03,13.09,13.09,5326200
1253,2020-12-23,13.27,13.9,13.17,13.63,13.63,5241900
1254,2020-12-24,13.66,13.74,13.32,13.5,13.5,2292500
1255,2020-12-28,13.57,13.83,13.42,13.56,13.56,4942500
1256,2020-12-29,13.65,13.77,13.38,13.48,13.48,3346900
1257,2020-12-30,13.44,13.87,13.39,13.82,13.82,3195700
1258,2020-12-31,13.73,13.86,13.61,13.73,13.73,2553100
